,Spect_File,Spect_Class
0,201012172012_segment_0_freq_masked_1.png,Artifact
1,201012172012_segment_0_freq_masked_2.png,Artifact
2,201012172012_segment_0_original.png,Artifact
3,201012172012_segment_0_pitch_spect.png,Artifact
4,201012172012_segment_0_time_spect.png,Artifact
5,201012172012_segment_0_time_wrapped.png,Artifact
6,201012172012_segment_1_freq_masked_1.png,Artifact
7,201012172012_segment_1_freq_masked_2.png,Artifact
8,201012172012_segment_1_original.png,Artifact
9,201012172012_segment_1_pitch_spect.png,Artifact
10,201012172012_segment_1_time_spect.png,Artifact
11,201012172012_segment_1_time_wrapped.png,Artifact
12,201012172012_segment_2_freq_masked_1.png,Artifact
13,201012172012_segment_2_freq_masked_2.png,Artifact
14,201012172012_segment_2_original.png,Artifact
15,201012172012_segment_2_pitch_spect.png,Artifact
16,201012172012_segment_2_time_spect.png,Artifact
17,201012172012_segment_2_time_wrapped.png,Artifact
18,201101051104_segment_0_freq_masked_1.png,Murmur
19,201101051104_segment_0_freq_masked_2.png,Murmur
20,201101051104_segment_0_original.png,Murmur
21,201101051104_segment_0_pitch_spect.png,Murmur
22,201101051104_segment_0_time_spect.png,Murmur
23,201101051104_segment_0_time_wrapped.png,Murmur
24,201101051104_segment_1_freq_masked_1.png,Murmur
25,201101051104_segment_1_freq_masked_2.png,Murmur
26,201101051104_segment_1_original.png,Murmur
27,201101051104_segment_1_pitch_spect.png,Murmur
28,201101051104_segment_1_time_spect.png,Murmur
29,201101051104_segment_1_time_wrapped.png,Murmur
30,201101051108_segment_0_freq_masked_1.png,Murmur
31,201101051108_segment_0_freq_masked_2.png,Murmur
32,201101051108_segment_0_original.png,Murmur
33,201101051108_segment_0_pitch_spect.png,Murmur
34,201101051108_segment_0_time_spect.png,Murmur
35,201101051108_segment_0_time_wrapped.png,Murmur
36,201101051108_segment_1_freq_masked_1.png,Murmur
37,201101051108_segment_1_freq_masked_2.png,Murmur
38,201101051108_segment_1_original.png,Murmur
39,201101051108_segment_1_pitch_spect.png,Murmur
40,201101051108_segment_1_time_spect.png,Murmur
41,201101051108_segment_1_time_wrapped.png,Murmur
42,201101051114_segment_0_freq_masked_1.png,Murmur
43,201101051114_segment_0_freq_masked_2.png,Murmur
44,201101051114_segment_0_original.png,Murmur
45,201101051114_segment_0_pitch_spect.png,Murmur
46,201101051114_segment_0_time_spect.png,Murmur
47,201101051114_segment_0_time_wrapped.png,Murmur
48,201101051114_segment_1_freq_masked_1.png,Murmur
49,201101051114_segment_1_freq_masked_2.png,Murmur
50,201101051114_segment_1_original.png,Murmur
51,201101051114_segment_1_pitch_spect.png,Murmur
52,201101051114_segment_1_time_spect.png,Murmur
53,201101051114_segment_1_time_wrapped.png,Murmur
54,201101070538_segment_0_freq_masked_1.png,Normal
55,201101070538_segment_0_freq_masked_2.png,Normal
56,201101070538_segment_0_original.png,Normal
57,201101070538_segment_0_pitch_spect.png,Normal
58,201101070538_segment_0_time_spect.png,Normal
59,201101070538_segment_0_time_wrapped.png,Normal
60,201101070538_segment_1_freq_masked_1.png,Normal
61,201101070538_segment_1_freq_masked_2.png,Normal
62,201101070538_segment_1_original.png,Normal
63,201101070538_segment_1_pitch_spect.png,Normal
64,201101070538_segment_1_time_spect.png,Normal
65,201101070538_segment_1_time_wrapped.png,Normal
66,201101070953_segment_0_freq_masked_1.png,Extrasystole
67,201101070953_segment_0_freq_masked_2.png,Extrasystole
68,201101070953_segment_0_original.png,Extrasystole
69,201101070953_segment_0_pitch_spect.png,Extrasystole
70,201101070953_segment_0_time_spect.png,Extrasystole
71,201101070953_segment_0_time_wrapped.png,Extrasystole
72,201101070953_segment_1_freq_masked_1.png,Extrasystole
73,201101070953_segment_1_freq_masked_2.png,Extrasystole
74,201101070953_segment_1_original.png,Extrasystole
75,201101070953_segment_1_pitch_spect.png,Extrasystole
76,201101070953_segment_1_time_spect.png,Extrasystole
77,201101070953_segment_1_time_wrapped.png,Extrasystole
78,201101091153_segment_0_freq_masked_1.png,Extrasystole
79,201101091153_segment_0_freq_masked_2.png,Extrasystole
80,201101091153_segment_0_original.png,Extrasystole
81,201101091153_segment_0_pitch_spect.png,Extrasystole
82,201101091153_segment_0_time_spect.png,Extrasystole
83,201101091153_segment_0_time_wrapped.png,Extrasystole
84,201101091153_segment_1_freq_masked_1.png,Extrasystole
85,201101091153_segment_1_freq_masked_2.png,Extrasystole
86,201101091153_segment_1_original.png,Extrasystole
87,201101091153_segment_1_pitch_spect.png,Extrasystole
88,201101091153_segment_1_time_spect.png,Extrasystole
89,201101091153_segment_1_time_wrapped.png,Extrasystole
90,201101091153_segment_2_freq_masked_1.png,Extrasystole
91,201101091153_segment_2_freq_masked_2.png,Extrasystole
92,201101091153_segment_2_original.png,Extrasystole
93,201101091153_segment_2_pitch_spect.png,Extrasystole
94,201101091153_segment_2_time_spect.png,Extrasystole
95,201101091153_segment_2_time_wrapped.png,Extrasystole
96,201101151127_segment_0_freq_masked_1.png,Normal
97,201101151127_segment_0_freq_masked_2.png,Normal
98,201101151127_segment_0_original.png,Normal
99,201101151127_segment_0_pitch_spect.png,Normal
100,201101151127_segment_0_time_spect.png,Normal
101,201101151127_segment_0_time_wrapped.png,Normal
102,201101151127_segment_1_freq_masked_1.png,Normal
103,201101151127_segment_1_freq_masked_2.png,Normal
104,201101151127_segment_1_original.png,Normal
105,201101151127_segment_1_pitch_spect.png,Normal
106,201101151127_segment_1_time_spect.png,Normal
107,201101151127_segment_1_time_wrapped.png,Normal
108,201101151127_segment_2_freq_masked_1.png,Normal
109,201101151127_segment_2_freq_masked_2.png,Normal
110,201101151127_segment_2_original.png,Normal
111,201101151127_segment_2_pitch_spect.png,Normal
112,201101151127_segment_2_time_spect.png,Normal
113,201101151127_segment_2_time_wrapped.png,Normal
114,201101152255_segment_0_freq_masked_1.png,Extrasystole
115,201101152255_segment_0_freq_masked_2.png,Extrasystole
116,201101152255_segment_0_original.png,Extrasystole
117,201101152255_segment_0_pitch_spect.png,Extrasystole
118,201101152255_segment_0_time_spect.png,Extrasystole
119,201101152255_segment_0_time_wrapped.png,Extrasystole
120,201101152255_segment_1_freq_masked_1.png,Extrasystole
121,201101152255_segment_1_freq_masked_2.png,Extrasystole
122,201101152255_segment_1_original.png,Extrasystole
123,201101152255_segment_1_pitch_spect.png,Extrasystole
124,201101152255_segment_1_time_spect.png,Extrasystole
125,201101152255_segment_1_time_wrapped.png,Extrasystole
126,201101160804_segment_0_freq_masked_1.png,Extrasystole
127,201101160804_segment_0_freq_masked_2.png,Extrasystole
128,201101160804_segment_0_original.png,Extrasystole
129,201101160804_segment_0_pitch_spect.png,Extrasystole
130,201101160804_segment_0_time_spect.png,Extrasystole
131,201101160804_segment_0_time_wrapped.png,Extrasystole
132,201101160804_segment_1_freq_masked_1.png,Extrasystole
133,201101160804_segment_1_freq_masked_2.png,Extrasystole
134,201101160804_segment_1_original.png,Extrasystole
135,201101160804_segment_1_pitch_spect.png,Extrasystole
136,201101160804_segment_1_time_spect.png,Extrasystole
137,201101160804_segment_1_time_wrapped.png,Extrasystole
138,201101160808_segment_0_freq_masked_1.png,Extrasystole
139,201101160808_segment_0_freq_masked_2.png,Extrasystole
140,201101160808_segment_0_original.png,Extrasystole
141,201101160808_segment_0_pitch_spect.png,Extrasystole
142,201101160808_segment_0_time_spect.png,Extrasystole
143,201101160808_segment_0_time_wrapped.png,Extrasystole
144,201101160808_segment_1_freq_masked_1.png,Extrasystole
145,201101160808_segment_1_freq_masked_2.png,Extrasystole
146,201101160808_segment_1_original.png,Extrasystole
147,201101160808_segment_1_pitch_spect.png,Extrasystole
148,201101160808_segment_1_time_spect.png,Extrasystole
149,201101160808_segment_1_time_wrapped.png,Extrasystole
150,201101161027_segment_0_freq_masked_1.png,Extrasystole
151,201101161027_segment_0_freq_masked_2.png,Extrasystole
152,201101161027_segment_0_original.png,Extrasystole
153,201101161027_segment_0_pitch_spect.png,Extrasystole
154,201101161027_segment_0_time_spect.png,Extrasystole
155,201101161027_segment_0_time_wrapped.png,Extrasystole
156,201101180902_segment_0_freq_masked_1.png,Murmur
157,201101180902_segment_0_freq_masked_2.png,Murmur
158,201101180902_segment_0_original.png,Murmur
159,201101180902_segment_0_pitch_spect.png,Murmur
160,201101180902_segment_0_time_spect.png,Murmur
161,201101180902_segment_0_time_wrapped.png,Murmur
162,201101180902_segment_1_freq_masked_1.png,Murmur
163,201101180902_segment_1_freq_masked_2.png,Murmur
164,201101180902_segment_1_original.png,Murmur
165,201101180902_segment_1_pitch_spect.png,Murmur
166,201101180902_segment_1_time_spect.png,Murmur
167,201101180902_segment_1_time_wrapped.png,Murmur
168,201101241423_segment_0_freq_masked_1.png,Extrasystole
169,201101241423_segment_0_freq_masked_2.png,Extrasystole
170,201101241423_segment_0_original.png,Extrasystole
171,201101241423_segment_0_pitch_spect.png,Extrasystole
172,201101241423_segment_0_time_spect.png,Extrasystole
173,201101241423_segment_0_time_wrapped.png,Extrasystole
174,201101241423_segment_1_freq_masked_1.png,Extrasystole
175,201101241423_segment_1_freq_masked_2.png,Extrasystole
176,201101241423_segment_1_original.png,Extrasystole
177,201101241423_segment_1_pitch_spect.png,Extrasystole
178,201101241423_segment_1_time_spect.png,Extrasystole
179,201101241423_segment_1_time_wrapped.png,Extrasystole
180,201101241423_segment_2_freq_masked_1.png,Extrasystole
181,201101241423_segment_2_freq_masked_2.png,Extrasystole
182,201101241423_segment_2_original.png,Extrasystole
183,201101241423_segment_2_pitch_spect.png,Extrasystole
184,201101241423_segment_2_time_spect.png,Extrasystole
185,201101241423_segment_2_time_wrapped.png,Extrasystole
186,201101241433_segment_0_freq_masked_1.png,Extrasystole
187,201101241433_segment_0_freq_masked_2.png,Extrasystole
188,201101241433_segment_0_original.png,Extrasystole
189,201101241433_segment_0_pitch_spect.png,Extrasystole
190,201101241433_segment_0_time_spect.png,Extrasystole
191,201101241433_segment_0_time_wrapped.png,Extrasystole
192,201101241433_segment_1_freq_masked_1.png,Extrasystole
193,201101241433_segment_1_freq_masked_2.png,Extrasystole
194,201101241433_segment_1_original.png,Extrasystole
195,201101241433_segment_1_pitch_spect.png,Extrasystole
196,201101241433_segment_1_time_spect.png,Extrasystole
197,201101241433_segment_1_time_wrapped.png,Extrasystole
198,201101241433_segment_2_freq_masked_1.png,Extrasystole
199,201101241433_segment_2_freq_masked_2.png,Extrasystole
200,201101241433_segment_2_original.png,Extrasystole
201,201101241433_segment_2_pitch_spect.png,Extrasystole
202,201101241433_segment_2_time_spect.png,Extrasystole
203,201101241433_segment_2_time_wrapped.png,Extrasystole
204,201102051443_segment_0_freq_masked_1.png,Murmur
205,201102051443_segment_0_freq_masked_2.png,Murmur
206,201102051443_segment_0_original.png,Murmur
207,201102051443_segment_0_pitch_spect.png,Murmur
208,201102051443_segment_0_time_spect.png,Murmur
209,201102051443_segment_0_time_wrapped.png,Murmur
210,201102051443_segment_1_freq_masked_1.png,Murmur
211,201102051443_segment_1_freq_masked_2.png,Murmur
212,201102051443_segment_1_original.png,Murmur
213,201102051443_segment_1_pitch_spect.png,Murmur
214,201102051443_segment_1_time_spect.png,Murmur
215,201102051443_segment_1_time_wrapped.png,Murmur
216,201102052338_segment_0_freq_masked_1.png,Murmur
217,201102052338_segment_0_freq_masked_2.png,Murmur
218,201102052338_segment_0_original.png,Murmur
219,201102052338_segment_0_pitch_spect.png,Murmur
220,201102052338_segment_0_time_spect.png,Murmur
221,201102052338_segment_0_time_wrapped.png,Murmur
222,201102052338_segment_1_freq_masked_1.png,Murmur
223,201102052338_segment_1_freq_masked_2.png,Murmur
224,201102052338_segment_1_original.png,Murmur
225,201102052338_segment_1_pitch_spect.png,Murmur
226,201102052338_segment_1_time_spect.png,Murmur
227,201102052338_segment_1_time_wrapped.png,Murmur
228,201102052338_segment_2_freq_masked_1.png,Murmur
229,201102052338_segment_2_freq_masked_2.png,Murmur
230,201102052338_segment_2_original.png,Murmur
231,201102052338_segment_2_pitch_spect.png,Murmur
232,201102052338_segment_2_time_spect.png,Murmur
233,201102052338_segment_2_time_wrapped.png,Murmur
234,201102070251_segment_0_freq_masked_1.png,Extrasystole
235,201102070251_segment_0_freq_masked_2.png,Extrasystole
236,201102070251_segment_0_original.png,Extrasystole
237,201102070251_segment_0_pitch_spect.png,Extrasystole
238,201102070251_segment_0_time_spect.png,Extrasystole
239,201102070251_segment_0_time_wrapped.png,Extrasystole
240,201102070251_segment_1_freq_masked_1.png,Extrasystole
241,201102070251_segment_1_freq_masked_2.png,Extrasystole
242,201102070251_segment_1_original.png,Extrasystole
243,201102070251_segment_1_pitch_spect.png,Extrasystole
244,201102070251_segment_1_time_spect.png,Extrasystole
245,201102070251_segment_1_time_wrapped.png,Extrasystole
246,201102071835_segment_0_freq_masked_1.png,Extrasystole
247,201102071835_segment_0_freq_masked_2.png,Extrasystole
248,201102071835_segment_0_original.png,Extrasystole
249,201102071835_segment_0_pitch_spect.png,Extrasystole
250,201102071835_segment_0_time_spect.png,Extrasystole
251,201102071835_segment_0_time_wrapped.png,Extrasystole
252,201102071835_segment_1_freq_masked_1.png,Extrasystole
253,201102071835_segment_1_freq_masked_2.png,Extrasystole
254,201102071835_segment_1_original.png,Extrasystole
255,201102071835_segment_1_pitch_spect.png,Extrasystole
256,201102071835_segment_1_time_spect.png,Extrasystole
257,201102071835_segment_1_time_wrapped.png,Extrasystole
258,201102081152_segment_0_freq_masked_1.png,Normal
259,201102081152_segment_0_freq_masked_2.png,Normal
260,201102081152_segment_0_original.png,Normal
261,201102081152_segment_0_pitch_spect.png,Normal
262,201102081152_segment_0_time_spect.png,Normal
263,201102081152_segment_0_time_wrapped.png,Normal
264,201102081152_segment_1_freq_masked_1.png,Normal
265,201102081152_segment_1_freq_masked_2.png,Normal
266,201102081152_segment_1_original.png,Normal
267,201102081152_segment_1_pitch_spect.png,Normal
268,201102081152_segment_1_time_spect.png,Normal
269,201102081152_segment_1_time_wrapped.png,Normal
270,201102081321_segment_0_freq_masked_1.png,Normal
271,201102081321_segment_0_freq_masked_2.png,Normal
272,201102081321_segment_0_original.png,Normal
273,201102081321_segment_0_pitch_spect.png,Normal
274,201102081321_segment_0_time_spect.png,Normal
275,201102081321_segment_0_time_wrapped.png,Normal
276,201102081321_segment_1_freq_masked_1.png,Normal
277,201102081321_segment_1_freq_masked_2.png,Normal
278,201102081321_segment_1_original.png,Normal
279,201102081321_segment_1_pitch_spect.png,Normal
280,201102081321_segment_1_time_spect.png,Normal
281,201102081321_segment_1_time_wrapped.png,Normal
282,201102201230_segment_0_freq_masked_1.png,Normal
283,201102201230_segment_0_freq_masked_2.png,Normal
284,201102201230_segment_0_original.png,Normal
285,201102201230_segment_0_pitch_spect.png,Normal
286,201102201230_segment_0_time_spect.png,Normal
287,201102201230_segment_0_time_wrapped.png,Normal
288,201102201230_segment_1_freq_masked_1.png,Normal
289,201102201230_segment_1_freq_masked_2.png,Normal
290,201102201230_segment_1_original.png,Normal
291,201102201230_segment_1_pitch_spect.png,Normal
292,201102201230_segment_1_time_spect.png,Normal
293,201102201230_segment_1_time_wrapped.png,Normal
294,201102201230_segment_2_freq_masked_1.png,Normal
295,201102201230_segment_2_freq_masked_2.png,Normal
296,201102201230_segment_2_original.png,Normal
297,201102201230_segment_2_pitch_spect.png,Normal
298,201102201230_segment_2_time_spect.png,Normal
299,201102201230_segment_2_time_wrapped.png,Normal
300,201102241217_segment_0_freq_masked_1.png,Extrasystole
301,201102241217_segment_0_freq_masked_2.png,Extrasystole
302,201102241217_segment_0_original.png,Extrasystole
303,201102241217_segment_0_pitch_spect.png,Extrasystole
304,201102241217_segment_0_time_spect.png,Extrasystole
305,201102241217_segment_0_time_wrapped.png,Extrasystole
306,201102241217_segment_1_freq_masked_1.png,Extrasystole
307,201102241217_segment_1_freq_masked_2.png,Extrasystole
308,201102241217_segment_1_original.png,Extrasystole
309,201102241217_segment_1_pitch_spect.png,Extrasystole
310,201102241217_segment_1_time_spect.png,Extrasystole
311,201102241217_segment_1_time_wrapped.png,Extrasystole
312,201102241217_segment_2_freq_masked_1.png,Extrasystole
313,201102241217_segment_2_freq_masked_2.png,Extrasystole
314,201102241217_segment_2_original.png,Extrasystole
315,201102241217_segment_2_pitch_spect.png,Extrasystole
316,201102241217_segment_2_time_spect.png,Extrasystole
317,201102241217_segment_2_time_wrapped.png,Extrasystole
318,201102260502_segment_0_freq_masked_1.png,Normal
319,201102260502_segment_0_freq_masked_2.png,Normal
320,201102260502_segment_0_original.png,Normal
321,201102260502_segment_0_pitch_spect.png,Normal
322,201102260502_segment_0_time_spect.png,Normal
323,201102260502_segment_0_time_wrapped.png,Normal
324,201102260502_segment_1_freq_masked_1.png,Normal
325,201102260502_segment_1_freq_masked_2.png,Normal
326,201102260502_segment_1_original.png,Normal
327,201102260502_segment_1_pitch_spect.png,Normal
328,201102260502_segment_1_time_spect.png,Normal
329,201102260502_segment_1_time_wrapped.png,Normal
330,201102270940_segment_0_freq_masked_1.png,Normal
331,201102270940_segment_0_freq_masked_2.png,Normal
332,201102270940_segment_0_original.png,Normal
333,201102270940_segment_0_pitch_spect.png,Normal
334,201102270940_segment_0_time_spect.png,Normal
335,201102270940_segment_0_time_wrapped.png,Normal
336,201102270940_segment_1_freq_masked_1.png,Normal
337,201102270940_segment_1_freq_masked_2.png,Normal
338,201102270940_segment_1_original.png,Normal
339,201102270940_segment_1_pitch_spect.png,Normal
340,201102270940_segment_1_time_spect.png,Normal
341,201102270940_segment_1_time_wrapped.png,Normal
342,201102270940_segment_2_freq_masked_1.png,Normal
343,201102270940_segment_2_freq_masked_2.png,Normal
344,201102270940_segment_2_original.png,Normal
345,201102270940_segment_2_pitch_spect.png,Normal
346,201102270940_segment_2_time_spect.png,Normal
347,201102270940_segment_2_time_wrapped.png,Normal
348,201103090635_segment_0_freq_masked_1.png,Normal
349,201103090635_segment_0_freq_masked_2.png,Normal
350,201103090635_segment_0_original.png,Normal
351,201103090635_segment_0_pitch_spect.png,Normal
352,201103090635_segment_0_time_spect.png,Normal
353,201103090635_segment_0_time_wrapped.png,Normal
354,201103090635_segment_1_freq_masked_1.png,Normal
355,201103090635_segment_1_freq_masked_2.png,Normal
356,201103090635_segment_1_original.png,Normal
357,201103090635_segment_1_pitch_spect.png,Normal
358,201103090635_segment_1_time_spect.png,Normal
359,201103090635_segment_1_time_wrapped.png,Normal
360,201103101140_segment_0_freq_masked_1.png,Normal
361,201103101140_segment_0_freq_masked_2.png,Normal
362,201103101140_segment_0_original.png,Normal
363,201103101140_segment_0_pitch_spect.png,Normal
364,201103101140_segment_0_time_spect.png,Normal
365,201103101140_segment_0_time_wrapped.png,Normal
366,201103101140_segment_1_freq_masked_1.png,Normal
367,201103101140_segment_1_freq_masked_2.png,Normal
368,201103101140_segment_1_original.png,Normal
369,201103101140_segment_1_pitch_spect.png,Normal
370,201103101140_segment_1_time_spect.png,Normal
371,201103101140_segment_1_time_wrapped.png,Normal
372,201103101140_segment_2_freq_masked_1.png,Normal
373,201103101140_segment_2_freq_masked_2.png,Normal
374,201103101140_segment_2_original.png,Normal
375,201103101140_segment_2_pitch_spect.png,Normal
376,201103101140_segment_2_time_spect.png,Normal
377,201103101140_segment_2_time_wrapped.png,Normal
378,201103140132_segment_0_freq_masked_1.png,Normal
379,201103140132_segment_0_freq_masked_2.png,Normal
380,201103140132_segment_0_original.png,Normal
381,201103140132_segment_0_pitch_spect.png,Normal
382,201103140132_segment_0_time_spect.png,Normal
383,201103140132_segment_0_time_wrapped.png,Normal
384,201103140132_segment_1_freq_masked_1.png,Normal
385,201103140132_segment_1_freq_masked_2.png,Normal
386,201103140132_segment_1_original.png,Normal
387,201103140132_segment_1_pitch_spect.png,Normal
388,201103140132_segment_1_time_spect.png,Normal
389,201103140132_segment_1_time_wrapped.png,Normal
390,201103140132_segment_2_freq_masked_1.png,Normal
391,201103140132_segment_2_freq_masked_2.png,Normal
392,201103140132_segment_2_original.png,Normal
393,201103140132_segment_2_pitch_spect.png,Normal
394,201103140132_segment_2_time_spect.png,Normal
395,201103140132_segment_2_time_wrapped.png,Normal
396,201103140135_segment_0_freq_masked_1.png,Normal
397,201103140135_segment_0_freq_masked_2.png,Normal
398,201103140135_segment_0_original.png,Normal
399,201103140135_segment_0_pitch_spect.png,Normal
400,201103140135_segment_0_time_spect.png,Normal
401,201103140135_segment_0_time_wrapped.png,Normal
402,201103140135_segment_1_freq_masked_1.png,Normal
403,201103140135_segment_1_freq_masked_2.png,Normal
404,201103140135_segment_1_original.png,Normal
405,201103140135_segment_1_pitch_spect.png,Normal
406,201103140135_segment_1_time_spect.png,Normal
407,201103140135_segment_1_time_wrapped.png,Normal
408,201103140822_segment_0_freq_masked_1.png,Normal
409,201103140822_segment_0_freq_masked_2.png,Normal
410,201103140822_segment_0_original.png,Normal
411,201103140822_segment_0_pitch_spect.png,Normal
412,201103140822_segment_0_time_spect.png,Normal
413,201103140822_segment_0_time_wrapped.png,Normal
414,201103140822_segment_1_freq_masked_1.png,Normal
415,201103140822_segment_1_freq_masked_2.png,Normal
416,201103140822_segment_1_original.png,Normal
417,201103140822_segment_1_pitch_spect.png,Normal
418,201103140822_segment_1_time_spect.png,Normal
419,201103140822_segment_1_time_wrapped.png,Normal
420,201103150114_segment_0_freq_masked_1.png,Extrasystole
421,201103150114_segment_0_freq_masked_2.png,Extrasystole
422,201103150114_segment_0_original.png,Extrasystole
423,201103150114_segment_0_pitch_spect.png,Extrasystole
424,201103150114_segment_0_time_spect.png,Extrasystole
425,201103150114_segment_0_time_wrapped.png,Extrasystole
426,201103150114_segment_1_freq_masked_1.png,Extrasystole
427,201103150114_segment_1_freq_masked_2.png,Extrasystole
428,201103150114_segment_1_original.png,Extrasystole
429,201103150114_segment_1_pitch_spect.png,Extrasystole
430,201103150114_segment_1_time_spect.png,Extrasystole
431,201103150114_segment_1_time_wrapped.png,Extrasystole
432,201103150114_segment_2_freq_masked_1.png,Extrasystole
433,201103150114_segment_2_freq_masked_2.png,Extrasystole
434,201103150114_segment_2_original.png,Extrasystole
435,201103150114_segment_2_pitch_spect.png,Extrasystole
436,201103150114_segment_2_time_spect.png,Extrasystole
437,201103150114_segment_2_time_wrapped.png,Extrasystole
438,201103151912_segment_0_freq_masked_1.png,Normal
439,201103151912_segment_0_freq_masked_2.png,Normal
440,201103151912_segment_0_original.png,Normal
441,201103151912_segment_0_pitch_spect.png,Normal
442,201103151912_segment_0_time_spect.png,Normal
443,201103151912_segment_0_time_wrapped.png,Normal
444,201103151912_segment_1_freq_masked_1.png,Normal
445,201103151912_segment_1_freq_masked_2.png,Normal
446,201103151912_segment_1_original.png,Normal
447,201103151912_segment_1_pitch_spect.png,Normal
448,201103151912_segment_1_time_spect.png,Normal
449,201103151912_segment_1_time_wrapped.png,Normal
450,201103151912_segment_2_freq_masked_1.png,Normal
451,201103151912_segment_2_freq_masked_2.png,Normal
452,201103151912_segment_2_original.png,Normal
453,201103151912_segment_2_pitch_spect.png,Normal
454,201103151912_segment_2_time_spect.png,Normal
455,201103151912_segment_2_time_wrapped.png,Normal
456,201103170121_segment_0_freq_masked_1.png,Normal
457,201103170121_segment_0_freq_masked_2.png,Normal
458,201103170121_segment_0_original.png,Normal
459,201103170121_segment_0_pitch_spect.png,Normal
460,201103170121_segment_0_time_spect.png,Normal
461,201103170121_segment_0_time_wrapped.png,Normal
462,201103170121_segment_1_freq_masked_1.png,Normal
463,201103170121_segment_1_freq_masked_2.png,Normal
464,201103170121_segment_1_original.png,Normal
465,201103170121_segment_1_pitch_spect.png,Normal
466,201103170121_segment_1_time_spect.png,Normal
467,201103170121_segment_1_time_wrapped.png,Normal
468,201103170134_segment_0_freq_masked_1.png,Extrasystole
469,201103170134_segment_0_freq_masked_2.png,Extrasystole
470,201103170134_segment_0_original.png,Extrasystole
471,201103170134_segment_0_pitch_spect.png,Extrasystole
472,201103170134_segment_0_time_spect.png,Extrasystole
473,201103170134_segment_0_time_wrapped.png,Extrasystole
474,201103170134_segment_1_freq_masked_1.png,Extrasystole
475,201103170134_segment_1_freq_masked_2.png,Extrasystole
476,201103170134_segment_1_original.png,Extrasystole
477,201103170134_segment_1_pitch_spect.png,Extrasystole
478,201103170134_segment_1_time_spect.png,Extrasystole
479,201103170134_segment_1_time_wrapped.png,Extrasystole
480,201103182227_segment_0_freq_masked_1.png,Extrasystole
481,201103182227_segment_0_freq_masked_2.png,Extrasystole
482,201103182227_segment_0_original.png,Extrasystole
483,201103182227_segment_0_pitch_spect.png,Extrasystole
484,201103182227_segment_0_time_spect.png,Extrasystole
485,201103182227_segment_0_time_wrapped.png,Extrasystole
486,201103182227_segment_1_freq_masked_1.png,Extrasystole
487,201103182227_segment_1_freq_masked_2.png,Extrasystole
488,201103182227_segment_1_original.png,Extrasystole
489,201103182227_segment_1_pitch_spect.png,Extrasystole
490,201103182227_segment_1_time_spect.png,Extrasystole
491,201103182227_segment_1_time_wrapped.png,Extrasystole
492,201103182227_segment_2_freq_masked_1.png,Extrasystole
493,201103182227_segment_2_freq_masked_2.png,Extrasystole
494,201103182227_segment_2_original.png,Extrasystole
495,201103182227_segment_2_pitch_spect.png,Extrasystole
496,201103182227_segment_2_time_spect.png,Extrasystole
497,201103182227_segment_2_time_wrapped.png,Extrasystole
498,201103200218_segment_0_freq_masked_1.png,Extrasystole
499,201103200218_segment_0_freq_masked_2.png,Extrasystole
500,201103200218_segment_0_original.png,Extrasystole
501,201103200218_segment_0_pitch_spect.png,Extrasystole
502,201103200218_segment_0_time_spect.png,Extrasystole
503,201103200218_segment_0_time_wrapped.png,Extrasystole
504,201103200218_segment_1_freq_masked_1.png,Extrasystole
505,201103200218_segment_1_freq_masked_2.png,Extrasystole
506,201103200218_segment_1_original.png,Extrasystole
507,201103200218_segment_1_pitch_spect.png,Extrasystole
508,201103200218_segment_1_time_spect.png,Extrasystole
509,201103200218_segment_1_time_wrapped.png,Extrasystole
510,201103200218_segment_2_freq_masked_1.png,Extrasystole
511,201103200218_segment_2_freq_masked_2.png,Extrasystole
512,201103200218_segment_2_original.png,Extrasystole
513,201103200218_segment_2_pitch_spect.png,Extrasystole
514,201103200218_segment_2_time_spect.png,Extrasystole
515,201103200218_segment_2_time_wrapped.png,Extrasystole
516,201103221214_segment_0_freq_masked_1.png,Normal
517,201103221214_segment_0_freq_masked_2.png,Normal
518,201103221214_segment_0_original.png,Normal
519,201103221214_segment_0_pitch_spect.png,Normal
520,201103221214_segment_0_time_spect.png,Normal
521,201103221214_segment_0_time_wrapped.png,Normal
522,201103291548_segment_0_freq_masked_1.png,Murmur
523,201103291548_segment_0_freq_masked_2.png,Murmur
524,201103291548_segment_0_original.png,Murmur
525,201103291548_segment_0_pitch_spect.png,Murmur
526,201103291548_segment_0_time_spect.png,Murmur
527,201103291548_segment_0_time_wrapped.png,Murmur
528,201103291548_segment_1_freq_masked_1.png,Murmur
529,201103291548_segment_1_freq_masked_2.png,Murmur
530,201103291548_segment_1_original.png,Murmur
531,201103291548_segment_1_pitch_spect.png,Murmur
532,201103291548_segment_1_time_spect.png,Murmur
533,201103291548_segment_1_time_wrapped.png,Murmur
534,201104122156_segment_0_freq_masked_1.png,Normal
535,201104122156_segment_0_freq_masked_2.png,Normal
536,201104122156_segment_0_original.png,Normal
537,201104122156_segment_0_pitch_spect.png,Normal
538,201104122156_segment_0_time_spect.png,Normal
539,201104122156_segment_0_time_wrapped.png,Normal
540,201104122156_segment_1_freq_masked_1.png,Normal
541,201104122156_segment_1_freq_masked_2.png,Normal
542,201104122156_segment_1_original.png,Normal
543,201104122156_segment_1_pitch_spect.png,Normal
544,201104122156_segment_1_time_spect.png,Normal
545,201104122156_segment_1_time_wrapped.png,Normal
546,201104122156_segment_2_freq_masked_1.png,Normal
547,201104122156_segment_2_freq_masked_2.png,Normal
548,201104122156_segment_2_original.png,Normal
549,201104122156_segment_2_pitch_spect.png,Normal
550,201104122156_segment_2_time_spect.png,Normal
551,201104122156_segment_2_time_wrapped.png,Normal
552,201104141251_segment_0_freq_masked_1.png,Normal
553,201104141251_segment_0_freq_masked_2.png,Normal
554,201104141251_segment_0_original.png,Normal
555,201104141251_segment_0_pitch_spect.png,Normal
556,201104141251_segment_0_time_spect.png,Normal
557,201104141251_segment_0_time_wrapped.png,Normal
558,201104141251_segment_1_freq_masked_1.png,Normal
559,201104141251_segment_1_freq_masked_2.png,Normal
560,201104141251_segment_1_original.png,Normal
561,201104141251_segment_1_pitch_spect.png,Normal
562,201104141251_segment_1_time_spect.png,Normal
563,201104141251_segment_1_time_wrapped.png,Normal
564,201104241315_segment_0_freq_masked_1.png,Murmur
565,201104241315_segment_0_freq_masked_2.png,Murmur
566,201104241315_segment_0_original.png,Murmur
567,201104241315_segment_0_pitch_spect.png,Murmur
568,201104241315_segment_0_time_spect.png,Murmur
569,201104241315_segment_0_time_wrapped.png,Murmur
570,201104241315_segment_1_freq_masked_1.png,Murmur
571,201104241315_segment_1_freq_masked_2.png,Murmur
572,201104241315_segment_1_original.png,Murmur
573,201104241315_segment_1_pitch_spect.png,Murmur
574,201104241315_segment_1_time_spect.png,Murmur
575,201104241315_segment_1_time_wrapped.png,Murmur
576,201104241315_segment_2_freq_masked_1.png,Murmur
577,201104241315_segment_2_freq_masked_2.png,Murmur
578,201104241315_segment_2_original.png,Murmur
579,201104241315_segment_2_pitch_spect.png,Murmur
580,201104241315_segment_2_time_spect.png,Murmur
581,201104241315_segment_2_time_wrapped.png,Murmur
582,201104270458_segment_0_freq_masked_1.png,Extrasystole
583,201104270458_segment_0_freq_masked_2.png,Extrasystole
584,201104270458_segment_0_original.png,Extrasystole
585,201104270458_segment_0_pitch_spect.png,Extrasystole
586,201104270458_segment_0_time_spect.png,Extrasystole
587,201104270458_segment_0_time_wrapped.png,Extrasystole
588,201104291843_segment_0_freq_masked_1.png,Murmur
589,201104291843_segment_0_freq_masked_2.png,Murmur
590,201104291843_segment_0_original.png,Murmur
591,201104291843_segment_0_pitch_spect.png,Murmur
592,201104291843_segment_0_time_spect.png,Murmur
593,201104291843_segment_0_time_wrapped.png,Murmur
594,201105011626_segment_0_freq_masked_1.png,Normal
595,201105011626_segment_0_freq_masked_2.png,Normal
596,201105011626_segment_0_original.png,Normal
597,201105011626_segment_0_pitch_spect.png,Normal
598,201105011626_segment_0_time_spect.png,Normal
599,201105011626_segment_0_time_wrapped.png,Normal
600,201105011626_segment_1_freq_masked_1.png,Normal
601,201105011626_segment_1_freq_masked_2.png,Normal
602,201105011626_segment_1_original.png,Normal
603,201105011626_segment_1_pitch_spect.png,Normal
604,201105011626_segment_1_time_spect.png,Normal
605,201105011626_segment_1_time_wrapped.png,Normal
606,201105011626_segment_2_freq_masked_1.png,Normal
607,201105011626_segment_2_freq_masked_2.png,Normal
608,201105011626_segment_2_original.png,Normal
609,201105011626_segment_2_pitch_spect.png,Normal
610,201105011626_segment_2_time_spect.png,Normal
611,201105011626_segment_2_time_wrapped.png,Normal
612,201105021654_segment_0_freq_masked_1.png,Normal
613,201105021654_segment_0_freq_masked_2.png,Normal
614,201105021654_segment_0_original.png,Normal
615,201105021654_segment_0_pitch_spect.png,Normal
616,201105021654_segment_0_time_spect.png,Normal
617,201105021654_segment_0_time_wrapped.png,Normal
618,201105021654_segment_1_freq_masked_1.png,Normal
619,201105021654_segment_1_freq_masked_2.png,Normal
620,201105021654_segment_1_original.png,Normal
621,201105021654_segment_1_pitch_spect.png,Normal
622,201105021654_segment_1_time_spect.png,Normal
623,201105021654_segment_1_time_wrapped.png,Normal
624,201105021804_segment_0_freq_masked_1.png,Normal
625,201105021804_segment_0_freq_masked_2.png,Normal
626,201105021804_segment_0_original.png,Normal
627,201105021804_segment_0_pitch_spect.png,Normal
628,201105021804_segment_0_time_spect.png,Normal
629,201105021804_segment_0_time_wrapped.png,Normal
630,201105021804_segment_1_freq_masked_1.png,Normal
631,201105021804_segment_1_freq_masked_2.png,Normal
632,201105021804_segment_1_original.png,Normal
633,201105021804_segment_1_pitch_spect.png,Normal
634,201105021804_segment_1_time_spect.png,Normal
635,201105021804_segment_1_time_wrapped.png,Normal
636,201105021804_segment_2_freq_masked_1.png,Normal
637,201105021804_segment_2_freq_masked_2.png,Normal
638,201105021804_segment_2_original.png,Normal
639,201105021804_segment_2_pitch_spect.png,Normal
640,201105021804_segment_2_time_spect.png,Normal
641,201105021804_segment_2_time_wrapped.png,Normal
642,201105040918_segment_0_freq_masked_1.png,Artifact
643,201105040918_segment_0_freq_masked_2.png,Artifact
644,201105040918_segment_0_original.png,Artifact
645,201105040918_segment_0_pitch_spect.png,Artifact
646,201105040918_segment_0_time_spect.png,Artifact
647,201105040918_segment_0_time_wrapped.png,Artifact
648,201105040918_segment_1_freq_masked_1.png,Artifact
649,201105040918_segment_1_freq_masked_2.png,Artifact
650,201105040918_segment_1_original.png,Artifact
651,201105040918_segment_1_pitch_spect.png,Artifact
652,201105040918_segment_1_time_spect.png,Artifact
653,201105040918_segment_1_time_wrapped.png,Artifact
654,201105040918_segment_2_freq_masked_1.png,Artifact
655,201105040918_segment_2_freq_masked_2.png,Artifact
656,201105040918_segment_2_original.png,Artifact
657,201105040918_segment_2_pitch_spect.png,Artifact
658,201105040918_segment_2_time_spect.png,Artifact
659,201105040918_segment_2_time_wrapped.png,Artifact
660,201105041959_segment_0_freq_masked_1.png,Artifact
661,201105041959_segment_0_freq_masked_2.png,Artifact
662,201105041959_segment_0_original.png,Artifact
663,201105041959_segment_0_pitch_spect.png,Artifact
664,201105041959_segment_0_time_spect.png,Artifact
665,201105041959_segment_0_time_wrapped.png,Artifact
666,201105041959_segment_1_freq_masked_1.png,Artifact
667,201105041959_segment_1_freq_masked_2.png,Artifact
668,201105041959_segment_1_original.png,Artifact
669,201105041959_segment_1_pitch_spect.png,Artifact
670,201105041959_segment_1_time_spect.png,Artifact
671,201105041959_segment_1_time_wrapped.png,Artifact
672,201105041959_segment_2_freq_masked_1.png,Artifact
673,201105041959_segment_2_freq_masked_2.png,Artifact
674,201105041959_segment_2_original.png,Artifact
675,201105041959_segment_2_pitch_spect.png,Artifact
676,201105041959_segment_2_time_spect.png,Artifact
677,201105041959_segment_2_time_wrapped.png,Artifact
678,201105051017_segment_0_freq_masked_1.png,Artifact
679,201105051017_segment_0_freq_masked_2.png,Artifact
680,201105051017_segment_0_original.png,Artifact
681,201105051017_segment_0_pitch_spect.png,Artifact
682,201105051017_segment_0_time_spect.png,Artifact
683,201105051017_segment_0_time_wrapped.png,Artifact
684,201105051017_segment_1_freq_masked_1.png,Artifact
685,201105051017_segment_1_freq_masked_2.png,Artifact
686,201105051017_segment_1_original.png,Artifact
687,201105051017_segment_1_pitch_spect.png,Artifact
688,201105051017_segment_1_time_spect.png,Artifact
689,201105051017_segment_1_time_wrapped.png,Artifact
690,201105051017_segment_2_freq_masked_1.png,Artifact
691,201105051017_segment_2_freq_masked_2.png,Artifact
692,201105051017_segment_2_original.png,Artifact
693,201105051017_segment_2_pitch_spect.png,Artifact
694,201105051017_segment_2_time_spect.png,Artifact
695,201105051017_segment_2_time_wrapped.png,Artifact
696,201105060108_segment_0_freq_masked_1.png,Artifact
697,201105060108_segment_0_freq_masked_2.png,Artifact
698,201105060108_segment_0_original.png,Artifact
699,201105060108_segment_0_pitch_spect.png,Artifact
700,201105060108_segment_0_time_spect.png,Artifact
701,201105060108_segment_0_time_wrapped.png,Artifact
702,201105060108_segment_1_freq_masked_1.png,Artifact
703,201105060108_segment_1_freq_masked_2.png,Artifact
704,201105060108_segment_1_original.png,Artifact
705,201105060108_segment_1_pitch_spect.png,Artifact
706,201105060108_segment_1_time_spect.png,Artifact
707,201105060108_segment_1_time_wrapped.png,Artifact
708,201105060108_segment_2_freq_masked_1.png,Artifact
709,201105060108_segment_2_freq_masked_2.png,Artifact
710,201105060108_segment_2_original.png,Artifact
711,201105060108_segment_2_pitch_spect.png,Artifact
712,201105060108_segment_2_time_spect.png,Artifact
713,201105060108_segment_2_time_wrapped.png,Artifact
714,201105061143_segment_0_freq_masked_1.png,Artifact
715,201105061143_segment_0_freq_masked_2.png,Artifact
716,201105061143_segment_0_original.png,Artifact
717,201105061143_segment_0_pitch_spect.png,Artifact
718,201105061143_segment_0_time_spect.png,Artifact
719,201105061143_segment_0_time_wrapped.png,Artifact
720,201105061143_segment_1_freq_masked_1.png,Artifact
721,201105061143_segment_1_freq_masked_2.png,Artifact
722,201105061143_segment_1_original.png,Artifact
723,201105061143_segment_1_pitch_spect.png,Artifact
724,201105061143_segment_1_time_spect.png,Artifact
725,201105061143_segment_1_time_wrapped.png,Artifact
726,201105061143_segment_2_freq_masked_1.png,Artifact
727,201105061143_segment_2_freq_masked_2.png,Artifact
728,201105061143_segment_2_original.png,Artifact
729,201105061143_segment_2_pitch_spect.png,Artifact
730,201105061143_segment_2_time_spect.png,Artifact
731,201105061143_segment_2_time_wrapped.png,Artifact
732,201105151450_segment_0_freq_masked_1.png,Normal
733,201105151450_segment_0_freq_masked_2.png,Normal
734,201105151450_segment_0_original.png,Normal
735,201105151450_segment_0_pitch_spect.png,Normal
736,201105151450_segment_0_time_spect.png,Normal
737,201105151450_segment_0_time_wrapped.png,Normal
738,201105151450_segment_1_freq_masked_1.png,Normal
739,201105151450_segment_1_freq_masked_2.png,Normal
740,201105151450_segment_1_original.png,Normal
741,201105151450_segment_1_pitch_spect.png,Normal
742,201105151450_segment_1_time_spect.png,Normal
743,201105151450_segment_1_time_wrapped.png,Normal
744,201105190800_segment_0_freq_masked_1.png,Artifact
745,201105190800_segment_0_freq_masked_2.png,Artifact
746,201105190800_segment_0_original.png,Artifact
747,201105190800_segment_0_pitch_spect.png,Artifact
748,201105190800_segment_0_time_spect.png,Artifact
749,201105190800_segment_0_time_wrapped.png,Artifact
750,201105190800_segment_1_freq_masked_1.png,Artifact
751,201105190800_segment_1_freq_masked_2.png,Artifact
752,201105190800_segment_1_original.png,Artifact
753,201105190800_segment_1_pitch_spect.png,Artifact
754,201105190800_segment_1_time_spect.png,Artifact
755,201105190800_segment_1_time_wrapped.png,Artifact
756,201105190800_segment_2_freq_masked_1.png,Artifact
757,201105190800_segment_2_freq_masked_2.png,Artifact
758,201105190800_segment_2_original.png,Artifact
759,201105190800_segment_2_pitch_spect.png,Artifact
760,201105190800_segment_2_time_spect.png,Artifact
761,201105190800_segment_2_time_wrapped.png,Artifact
762,201105280851_segment_0_freq_masked_1.png,Artifact
763,201105280851_segment_0_freq_masked_2.png,Artifact
764,201105280851_segment_0_original.png,Artifact
765,201105280851_segment_0_pitch_spect.png,Artifact
766,201105280851_segment_0_time_spect.png,Artifact
767,201105280851_segment_0_time_wrapped.png,Artifact
768,201105280851_segment_1_freq_masked_1.png,Artifact
769,201105280851_segment_1_freq_masked_2.png,Artifact
770,201105280851_segment_1_original.png,Artifact
771,201105280851_segment_1_pitch_spect.png,Artifact
772,201105280851_segment_1_time_spect.png,Artifact
773,201105280851_segment_1_time_wrapped.png,Artifact
774,201105280851_segment_2_freq_masked_1.png,Artifact
775,201105280851_segment_2_freq_masked_2.png,Artifact
776,201105280851_segment_2_original.png,Artifact
777,201105280851_segment_2_pitch_spect.png,Artifact
778,201105280851_segment_2_time_spect.png,Artifact
779,201105280851_segment_2_time_wrapped.png,Artifact
780,201106010559_segment_0_freq_masked_1.png,Artifact
781,201106010559_segment_0_freq_masked_2.png,Artifact
782,201106010559_segment_0_original.png,Artifact
783,201106010559_segment_0_pitch_spect.png,Artifact
784,201106010559_segment_0_time_spect.png,Artifact
785,201106010559_segment_0_time_wrapped.png,Artifact
786,201106010559_segment_1_freq_masked_1.png,Artifact
787,201106010559_segment_1_freq_masked_2.png,Artifact
788,201106010559_segment_1_original.png,Artifact
789,201106010559_segment_1_pitch_spect.png,Artifact
790,201106010559_segment_1_time_spect.png,Artifact
791,201106010559_segment_1_time_wrapped.png,Artifact
792,201106010559_segment_2_freq_masked_1.png,Artifact
793,201106010559_segment_2_freq_masked_2.png,Artifact
794,201106010559_segment_2_original.png,Artifact
795,201106010559_segment_2_pitch_spect.png,Artifact
796,201106010559_segment_2_time_spect.png,Artifact
797,201106010559_segment_2_time_wrapped.png,Artifact
798,201106010602_segment_0_freq_masked_1.png,Artifact
799,201106010602_segment_0_freq_masked_2.png,Artifact
800,201106010602_segment_0_original.png,Artifact
801,201106010602_segment_0_pitch_spect.png,Artifact
802,201106010602_segment_0_time_spect.png,Artifact
803,201106010602_segment_0_time_wrapped.png,Artifact
804,201106010602_segment_1_freq_masked_1.png,Artifact
805,201106010602_segment_1_freq_masked_2.png,Artifact
806,201106010602_segment_1_original.png,Artifact
807,201106010602_segment_1_pitch_spect.png,Artifact
808,201106010602_segment_1_time_spect.png,Artifact
809,201106010602_segment_1_time_wrapped.png,Artifact
810,201106010602_segment_2_freq_masked_1.png,Artifact
811,201106010602_segment_2_freq_masked_2.png,Artifact
812,201106010602_segment_2_original.png,Artifact
813,201106010602_segment_2_pitch_spect.png,Artifact
814,201106010602_segment_2_time_spect.png,Artifact
815,201106010602_segment_2_time_wrapped.png,Artifact
816,201106021541_segment_0_freq_masked_1.png,Artifact
817,201106021541_segment_0_freq_masked_2.png,Artifact
818,201106021541_segment_0_original.png,Artifact
819,201106021541_segment_0_pitch_spect.png,Artifact
820,201106021541_segment_0_time_spect.png,Artifact
821,201106021541_segment_0_time_wrapped.png,Artifact
822,201106021541_segment_1_freq_masked_1.png,Artifact
823,201106021541_segment_1_freq_masked_2.png,Artifact
824,201106021541_segment_1_original.png,Artifact
825,201106021541_segment_1_pitch_spect.png,Artifact
826,201106021541_segment_1_time_spect.png,Artifact
827,201106021541_segment_1_time_wrapped.png,Artifact
828,201106021541_segment_2_freq_masked_1.png,Artifact
829,201106021541_segment_2_freq_masked_2.png,Artifact
830,201106021541_segment_2_original.png,Artifact
831,201106021541_segment_2_pitch_spect.png,Artifact
832,201106021541_segment_2_time_spect.png,Artifact
833,201106021541_segment_2_time_wrapped.png,Artifact
834,201106030612_segment_0_freq_masked_1.png,Artifact
835,201106030612_segment_0_freq_masked_2.png,Artifact
836,201106030612_segment_0_original.png,Artifact
837,201106030612_segment_0_pitch_spect.png,Artifact
838,201106030612_segment_0_time_spect.png,Artifact
839,201106030612_segment_0_time_wrapped.png,Artifact
840,201106030612_segment_1_freq_masked_1.png,Artifact
841,201106030612_segment_1_freq_masked_2.png,Artifact
842,201106030612_segment_1_original.png,Artifact
843,201106030612_segment_1_pitch_spect.png,Artifact
844,201106030612_segment_1_time_spect.png,Artifact
845,201106030612_segment_1_time_wrapped.png,Artifact
846,201106030612_segment_2_freq_masked_1.png,Artifact
847,201106030612_segment_2_freq_masked_2.png,Artifact
848,201106030612_segment_2_original.png,Artifact
849,201106030612_segment_2_pitch_spect.png,Artifact
850,201106030612_segment_2_time_spect.png,Artifact
851,201106030612_segment_2_time_wrapped.png,Artifact
852,201106031558_segment_0_freq_masked_1.png,Artifact
853,201106031558_segment_0_freq_masked_2.png,Artifact
854,201106031558_segment_0_original.png,Artifact
855,201106031558_segment_0_pitch_spect.png,Artifact
856,201106031558_segment_0_time_spect.png,Artifact
857,201106031558_segment_0_time_wrapped.png,Artifact
858,201106031558_segment_1_freq_masked_1.png,Artifact
859,201106031558_segment_1_freq_masked_2.png,Artifact
860,201106031558_segment_1_original.png,Artifact
861,201106031558_segment_1_pitch_spect.png,Artifact
862,201106031558_segment_1_time_spect.png,Artifact
863,201106031558_segment_1_time_wrapped.png,Artifact
864,201106031558_segment_2_freq_masked_1.png,Artifact
865,201106031558_segment_2_freq_masked_2.png,Artifact
866,201106031558_segment_2_original.png,Artifact
867,201106031558_segment_2_pitch_spect.png,Artifact
868,201106031558_segment_2_time_spect.png,Artifact
869,201106031558_segment_2_time_wrapped.png,Artifact
870,201106040722_segment_0_freq_masked_1.png,Artifact
871,201106040722_segment_0_freq_masked_2.png,Artifact
872,201106040722_segment_0_original.png,Artifact
873,201106040722_segment_0_pitch_spect.png,Artifact
874,201106040722_segment_0_time_spect.png,Artifact
875,201106040722_segment_0_time_wrapped.png,Artifact
876,201106040722_segment_1_freq_masked_1.png,Artifact
877,201106040722_segment_1_freq_masked_2.png,Artifact
878,201106040722_segment_1_original.png,Artifact
879,201106040722_segment_1_pitch_spect.png,Artifact
880,201106040722_segment_1_time_spect.png,Artifact
881,201106040722_segment_1_time_wrapped.png,Artifact
882,201106040722_segment_2_freq_masked_1.png,Artifact
883,201106040722_segment_2_freq_masked_2.png,Artifact
884,201106040722_segment_2_original.png,Artifact
885,201106040722_segment_2_pitch_spect.png,Artifact
886,201106040722_segment_2_time_spect.png,Artifact
887,201106040722_segment_2_time_wrapped.png,Artifact
888,201106040933_segment_0_freq_masked_1.png,Artifact
889,201106040933_segment_0_freq_masked_2.png,Artifact
890,201106040933_segment_0_original.png,Artifact
891,201106040933_segment_0_pitch_spect.png,Artifact
892,201106040933_segment_0_time_spect.png,Artifact
893,201106040933_segment_0_time_wrapped.png,Artifact
894,201106040933_segment_1_freq_masked_1.png,Artifact
895,201106040933_segment_1_freq_masked_2.png,Artifact
896,201106040933_segment_1_original.png,Artifact
897,201106040933_segment_1_pitch_spect.png,Artifact
898,201106040933_segment_1_time_spect.png,Artifact
899,201106040933_segment_1_time_wrapped.png,Artifact
900,201106040933_segment_2_freq_masked_1.png,Artifact
901,201106040933_segment_2_freq_masked_2.png,Artifact
902,201106040933_segment_2_original.png,Artifact
903,201106040933_segment_2_pitch_spect.png,Artifact
904,201106040933_segment_2_time_spect.png,Artifact
905,201106040933_segment_2_time_wrapped.png,Artifact
906,201106040947_segment_0_freq_masked_1.png,Artifact
907,201106040947_segment_0_freq_masked_2.png,Artifact
908,201106040947_segment_0_original.png,Artifact
909,201106040947_segment_0_pitch_spect.png,Artifact
910,201106040947_segment_0_time_spect.png,Artifact
911,201106040947_segment_0_time_wrapped.png,Artifact
912,201106040947_segment_1_freq_masked_1.png,Artifact
913,201106040947_segment_1_freq_masked_2.png,Artifact
914,201106040947_segment_1_original.png,Artifact
915,201106040947_segment_1_pitch_spect.png,Artifact
916,201106040947_segment_1_time_spect.png,Artifact
917,201106040947_segment_1_time_wrapped.png,Artifact
918,201106040947_segment_2_freq_masked_1.png,Artifact
919,201106040947_segment_2_freq_masked_2.png,Artifact
920,201106040947_segment_2_original.png,Artifact
921,201106040947_segment_2_pitch_spect.png,Artifact
922,201106040947_segment_2_time_spect.png,Artifact
923,201106040947_segment_2_time_wrapped.png,Artifact
924,201106041452_segment_0_freq_masked_1.png,Artifact
925,201106041452_segment_0_freq_masked_2.png,Artifact
926,201106041452_segment_0_original.png,Artifact
927,201106041452_segment_0_pitch_spect.png,Artifact
928,201106041452_segment_0_time_spect.png,Artifact
929,201106041452_segment_0_time_wrapped.png,Artifact
930,201106041452_segment_1_freq_masked_1.png,Artifact
931,201106041452_segment_1_freq_masked_2.png,Artifact
932,201106041452_segment_1_original.png,Artifact
933,201106041452_segment_1_pitch_spect.png,Artifact
934,201106041452_segment_1_time_spect.png,Artifact
935,201106041452_segment_1_time_wrapped.png,Artifact
936,201106041452_segment_2_freq_masked_1.png,Artifact
937,201106041452_segment_2_freq_masked_2.png,Artifact
938,201106041452_segment_2_original.png,Artifact
939,201106041452_segment_2_pitch_spect.png,Artifact
940,201106041452_segment_2_time_spect.png,Artifact
941,201106041452_segment_2_time_wrapped.png,Artifact
942,201106050353_segment_0_freq_masked_1.png,Artifact
943,201106050353_segment_0_freq_masked_2.png,Artifact
944,201106050353_segment_0_original.png,Artifact
945,201106050353_segment_0_pitch_spect.png,Artifact
946,201106050353_segment_0_time_spect.png,Artifact
947,201106050353_segment_0_time_wrapped.png,Artifact
948,201106050353_segment_1_freq_masked_1.png,Artifact
949,201106050353_segment_1_freq_masked_2.png,Artifact
950,201106050353_segment_1_original.png,Artifact
951,201106050353_segment_1_pitch_spect.png,Artifact
952,201106050353_segment_1_time_spect.png,Artifact
953,201106050353_segment_1_time_wrapped.png,Artifact
954,201106050353_segment_2_freq_masked_1.png,Artifact
955,201106050353_segment_2_freq_masked_2.png,Artifact
956,201106050353_segment_2_original.png,Artifact
957,201106050353_segment_2_pitch_spect.png,Artifact
958,201106050353_segment_2_time_spect.png,Artifact
959,201106050353_segment_2_time_wrapped.png,Artifact
960,201106061233_segment_0_freq_masked_1.png,Artifact
961,201106061233_segment_0_freq_masked_2.png,Artifact
962,201106061233_segment_0_original.png,Artifact
963,201106061233_segment_0_pitch_spect.png,Artifact
964,201106061233_segment_0_time_spect.png,Artifact
965,201106061233_segment_0_time_wrapped.png,Artifact
966,201106061233_segment_1_freq_masked_1.png,Artifact
967,201106061233_segment_1_freq_masked_2.png,Artifact
968,201106061233_segment_1_original.png,Artifact
969,201106061233_segment_1_pitch_spect.png,Artifact
970,201106061233_segment_1_time_spect.png,Artifact
971,201106061233_segment_1_time_wrapped.png,Artifact
972,201106061233_segment_2_freq_masked_1.png,Artifact
973,201106061233_segment_2_freq_masked_2.png,Artifact
974,201106061233_segment_2_original.png,Artifact
975,201106061233_segment_2_pitch_spect.png,Artifact
976,201106061233_segment_2_time_spect.png,Artifact
977,201106061233_segment_2_time_wrapped.png,Artifact
978,201106070537_segment_0_freq_masked_1.png,Artifact
979,201106070537_segment_0_freq_masked_2.png,Artifact
980,201106070537_segment_0_original.png,Artifact
981,201106070537_segment_0_pitch_spect.png,Artifact
982,201106070537_segment_0_time_spect.png,Artifact
983,201106070537_segment_0_time_wrapped.png,Artifact
984,201106070537_segment_1_freq_masked_1.png,Artifact
985,201106070537_segment_1_freq_masked_2.png,Artifact
986,201106070537_segment_1_original.png,Artifact
987,201106070537_segment_1_pitch_spect.png,Artifact
988,201106070537_segment_1_time_spect.png,Artifact
989,201106070537_segment_1_time_wrapped.png,Artifact
990,201106070537_segment_2_freq_masked_1.png,Artifact
991,201106070537_segment_2_freq_masked_2.png,Artifact
992,201106070537_segment_2_original.png,Artifact
993,201106070537_segment_2_pitch_spect.png,Artifact
994,201106070537_segment_2_time_spect.png,Artifact
995,201106070537_segment_2_time_wrapped.png,Artifact
996,201106070949_segment_0_freq_masked_1.png,Artifact
997,201106070949_segment_0_freq_masked_2.png,Artifact
998,201106070949_segment_0_original.png,Artifact
999,201106070949_segment_0_pitch_spect.png,Artifact
1000,201106070949_segment_0_time_spect.png,Artifact
1001,201106070949_segment_0_time_wrapped.png,Artifact
1002,201106070949_segment_1_freq_masked_1.png,Artifact
1003,201106070949_segment_1_freq_masked_2.png,Artifact
1004,201106070949_segment_1_original.png,Artifact
1005,201106070949_segment_1_pitch_spect.png,Artifact
1006,201106070949_segment_1_time_spect.png,Artifact
1007,201106070949_segment_1_time_wrapped.png,Artifact
1008,201106070949_segment_2_freq_masked_1.png,Artifact
1009,201106070949_segment_2_freq_masked_2.png,Artifact
1010,201106070949_segment_2_original.png,Artifact
1011,201106070949_segment_2_pitch_spect.png,Artifact
1012,201106070949_segment_2_time_spect.png,Artifact
1013,201106070949_segment_2_time_wrapped.png,Artifact
1014,201106101314_segment_0_freq_masked_1.png,Artifact
1015,201106101314_segment_0_freq_masked_2.png,Artifact
1016,201106101314_segment_0_original.png,Artifact
1017,201106101314_segment_0_pitch_spect.png,Artifact
1018,201106101314_segment_0_time_spect.png,Artifact
1019,201106101314_segment_0_time_wrapped.png,Artifact
1020,201106101314_segment_1_freq_masked_1.png,Artifact
1021,201106101314_segment_1_freq_masked_2.png,Artifact
1022,201106101314_segment_1_original.png,Artifact
1023,201106101314_segment_1_pitch_spect.png,Artifact
1024,201106101314_segment_1_time_spect.png,Artifact
1025,201106101314_segment_1_time_wrapped.png,Artifact
1026,201106101314_segment_2_freq_masked_1.png,Artifact
1027,201106101314_segment_2_freq_masked_2.png,Artifact
1028,201106101314_segment_2_original.png,Artifact
1029,201106101314_segment_2_pitch_spect.png,Artifact
1030,201106101314_segment_2_time_spect.png,Artifact
1031,201106101314_segment_2_time_wrapped.png,Artifact
1032,201106101955_segment_0_freq_masked_1.png,Artifact
1033,201106101955_segment_0_freq_masked_2.png,Artifact
1034,201106101955_segment_0_original.png,Artifact
1035,201106101955_segment_0_pitch_spect.png,Artifact
1036,201106101955_segment_0_time_spect.png,Artifact
1037,201106101955_segment_0_time_wrapped.png,Artifact
1038,201106101955_segment_1_freq_masked_1.png,Artifact
1039,201106101955_segment_1_freq_masked_2.png,Artifact
1040,201106101955_segment_1_original.png,Artifact
1041,201106101955_segment_1_pitch_spect.png,Artifact
1042,201106101955_segment_1_time_spect.png,Artifact
1043,201106101955_segment_1_time_wrapped.png,Artifact
1044,201106101955_segment_2_freq_masked_1.png,Artifact
1045,201106101955_segment_2_freq_masked_2.png,Artifact
1046,201106101955_segment_2_original.png,Artifact
1047,201106101955_segment_2_pitch_spect.png,Artifact
1048,201106101955_segment_2_time_spect.png,Artifact
1049,201106101955_segment_2_time_wrapped.png,Artifact
1050,201106110909_segment_0_freq_masked_1.png,Artifact
1051,201106110909_segment_0_freq_masked_2.png,Artifact
1052,201106110909_segment_0_original.png,Artifact
1053,201106110909_segment_0_pitch_spect.png,Artifact
1054,201106110909_segment_0_time_spect.png,Artifact
1055,201106110909_segment_0_time_wrapped.png,Artifact
1056,201106110909_segment_1_freq_masked_1.png,Artifact
1057,201106110909_segment_1_freq_masked_2.png,Artifact
1058,201106110909_segment_1_original.png,Artifact
1059,201106110909_segment_1_pitch_spect.png,Artifact
1060,201106110909_segment_1_time_spect.png,Artifact
1061,201106110909_segment_1_time_wrapped.png,Artifact
1062,201106110909_segment_2_freq_masked_1.png,Artifact
1063,201106110909_segment_2_freq_masked_2.png,Artifact
1064,201106110909_segment_2_original.png,Artifact
1065,201106110909_segment_2_pitch_spect.png,Artifact
1066,201106110909_segment_2_time_spect.png,Artifact
1067,201106110909_segment_2_time_wrapped.png,Artifact
1068,201106111119_segment_0_freq_masked_1.png,Artifact
1069,201106111119_segment_0_freq_masked_2.png,Artifact
1070,201106111119_segment_0_original.png,Artifact
1071,201106111119_segment_0_pitch_spect.png,Artifact
1072,201106111119_segment_0_time_spect.png,Artifact
1073,201106111119_segment_0_time_wrapped.png,Artifact
1074,201106111119_segment_1_freq_masked_1.png,Artifact
1075,201106111119_segment_1_freq_masked_2.png,Artifact
1076,201106111119_segment_1_original.png,Artifact
1077,201106111119_segment_1_pitch_spect.png,Artifact
1078,201106111119_segment_1_time_spect.png,Artifact
1079,201106111119_segment_1_time_wrapped.png,Artifact
1080,201106111119_segment_2_freq_masked_1.png,Artifact
1081,201106111119_segment_2_freq_masked_2.png,Artifact
1082,201106111119_segment_2_original.png,Artifact
1083,201106111119_segment_2_pitch_spect.png,Artifact
1084,201106111119_segment_2_time_spect.png,Artifact
1085,201106111119_segment_2_time_wrapped.png,Artifact
1086,201106111136_segment_0_freq_masked_1.png,Normal
1087,201106111136_segment_0_freq_masked_2.png,Normal
1088,201106111136_segment_0_original.png,Normal
1089,201106111136_segment_0_pitch_spect.png,Normal
1090,201106111136_segment_0_time_spect.png,Normal
1091,201106111136_segment_0_time_wrapped.png,Normal
1092,201106121242_segment_0_freq_masked_1.png,Artifact
1093,201106121242_segment_0_freq_masked_2.png,Artifact
1094,201106121242_segment_0_original.png,Artifact
1095,201106121242_segment_0_pitch_spect.png,Artifact
1096,201106121242_segment_0_time_spect.png,Artifact
1097,201106121242_segment_0_time_wrapped.png,Artifact
1098,201106121242_segment_1_freq_masked_1.png,Artifact
1099,201106121242_segment_1_freq_masked_2.png,Artifact
1100,201106121242_segment_1_original.png,Artifact
1101,201106121242_segment_1_pitch_spect.png,Artifact
1102,201106121242_segment_1_time_spect.png,Artifact
1103,201106121242_segment_1_time_wrapped.png,Artifact
1104,201106121242_segment_2_freq_masked_1.png,Artifact
1105,201106121242_segment_2_freq_masked_2.png,Artifact
1106,201106121242_segment_2_original.png,Artifact
1107,201106121242_segment_2_pitch_spect.png,Artifact
1108,201106121242_segment_2_time_spect.png,Artifact
1109,201106121242_segment_2_time_wrapped.png,Artifact
1110,201106121445_segment_0_freq_masked_1.png,Artifact
1111,201106121445_segment_0_freq_masked_2.png,Artifact
1112,201106121445_segment_0_original.png,Artifact
1113,201106121445_segment_0_pitch_spect.png,Artifact
1114,201106121445_segment_0_time_spect.png,Artifact
1115,201106121445_segment_0_time_wrapped.png,Artifact
1116,201106121445_segment_1_freq_masked_1.png,Artifact
1117,201106121445_segment_1_freq_masked_2.png,Artifact
1118,201106121445_segment_1_original.png,Artifact
1119,201106121445_segment_1_pitch_spect.png,Artifact
1120,201106121445_segment_1_time_spect.png,Artifact
1121,201106121445_segment_1_time_wrapped.png,Artifact
1122,201106121445_segment_2_freq_masked_1.png,Artifact
1123,201106121445_segment_2_freq_masked_2.png,Artifact
1124,201106121445_segment_2_original.png,Artifact
1125,201106121445_segment_2_pitch_spect.png,Artifact
1126,201106121445_segment_2_time_spect.png,Artifact
1127,201106121445_segment_2_time_wrapped.png,Artifact
1128,201106131834_segment_0_freq_masked_1.png,Artifact
1129,201106131834_segment_0_freq_masked_2.png,Artifact
1130,201106131834_segment_0_original.png,Artifact
1131,201106131834_segment_0_pitch_spect.png,Artifact
1132,201106131834_segment_0_time_spect.png,Artifact
1133,201106131834_segment_0_time_wrapped.png,Artifact
1134,201106131834_segment_1_freq_masked_1.png,Artifact
1135,201106131834_segment_1_freq_masked_2.png,Artifact
1136,201106131834_segment_1_original.png,Artifact
1137,201106131834_segment_1_pitch_spect.png,Artifact
1138,201106131834_segment_1_time_spect.png,Artifact
1139,201106131834_segment_1_time_wrapped.png,Artifact
1140,201106131834_segment_2_freq_masked_1.png,Artifact
1141,201106131834_segment_2_freq_masked_2.png,Artifact
1142,201106131834_segment_2_original.png,Artifact
1143,201106131834_segment_2_pitch_spect.png,Artifact
1144,201106131834_segment_2_time_spect.png,Artifact
1145,201106131834_segment_2_time_wrapped.png,Artifact
1146,201106131835_segment_0_freq_masked_1.png,Artifact
1147,201106131835_segment_0_freq_masked_2.png,Artifact
1148,201106131835_segment_0_original.png,Artifact
1149,201106131835_segment_0_pitch_spect.png,Artifact
1150,201106131835_segment_0_time_spect.png,Artifact
1151,201106131835_segment_0_time_wrapped.png,Artifact
1152,201106131835_segment_1_freq_masked_1.png,Artifact
1153,201106131835_segment_1_freq_masked_2.png,Artifact
1154,201106131835_segment_1_original.png,Artifact
1155,201106131835_segment_1_pitch_spect.png,Artifact
1156,201106131835_segment_1_time_spect.png,Artifact
1157,201106131835_segment_1_time_wrapped.png,Artifact
1158,201106131835_segment_2_freq_masked_1.png,Artifact
1159,201106131835_segment_2_freq_masked_2.png,Artifact
1160,201106131835_segment_2_original.png,Artifact
1161,201106131835_segment_2_pitch_spect.png,Artifact
1162,201106131835_segment_2_time_spect.png,Artifact
1163,201106131835_segment_2_time_wrapped.png,Artifact
1164,201106141148_segment_0_freq_masked_1.png,Normal
1165,201106141148_segment_0_freq_masked_2.png,Normal
1166,201106141148_segment_0_original.png,Normal
1167,201106141148_segment_0_pitch_spect.png,Normal
1168,201106141148_segment_0_time_spect.png,Normal
1169,201106141148_segment_0_time_wrapped.png,Normal
1170,201106141701_segment_0_freq_masked_1.png,Artifact
1171,201106141701_segment_0_freq_masked_2.png,Artifact
1172,201106141701_segment_0_original.png,Artifact
1173,201106141701_segment_0_pitch_spect.png,Artifact
1174,201106141701_segment_0_time_spect.png,Artifact
1175,201106141701_segment_0_time_wrapped.png,Artifact
1176,201106141701_segment_1_freq_masked_1.png,Artifact
1177,201106141701_segment_1_freq_masked_2.png,Artifact
1178,201106141701_segment_1_original.png,Artifact
1179,201106141701_segment_1_pitch_spect.png,Artifact
1180,201106141701_segment_1_time_spect.png,Artifact
1181,201106141701_segment_1_time_wrapped.png,Artifact
1182,201106141701_segment_2_freq_masked_1.png,Artifact
1183,201106141701_segment_2_freq_masked_2.png,Artifact
1184,201106141701_segment_2_original.png,Artifact
1185,201106141701_segment_2_pitch_spect.png,Artifact
1186,201106141701_segment_2_time_spect.png,Artifact
1187,201106141701_segment_2_time_wrapped.png,Artifact
1188,201106151236_segment_0_freq_masked_1.png,Normal
1189,201106151236_segment_0_freq_masked_2.png,Normal
1190,201106151236_segment_0_original.png,Normal
1191,201106151236_segment_0_pitch_spect.png,Normal
1192,201106151236_segment_0_time_spect.png,Normal
1193,201106151236_segment_0_time_wrapped.png,Normal
1194,201106151236_segment_1_freq_masked_1.png,Normal
1195,201106151236_segment_1_freq_masked_2.png,Normal
1196,201106151236_segment_1_original.png,Normal
1197,201106151236_segment_1_pitch_spect.png,Normal
1198,201106151236_segment_1_time_spect.png,Normal
1199,201106151236_segment_1_time_wrapped.png,Normal
1200,201106161016_segment_0_freq_masked_1.png,Artifact
1201,201106161016_segment_0_freq_masked_2.png,Artifact
1202,201106161016_segment_0_original.png,Artifact
1203,201106161016_segment_0_pitch_spect.png,Artifact
1204,201106161016_segment_0_time_spect.png,Artifact
1205,201106161016_segment_0_time_wrapped.png,Artifact
1206,201106161016_segment_1_freq_masked_1.png,Artifact
1207,201106161016_segment_1_freq_masked_2.png,Artifact
1208,201106161016_segment_1_original.png,Artifact
1209,201106161016_segment_1_pitch_spect.png,Artifact
1210,201106161016_segment_1_time_spect.png,Artifact
1211,201106161016_segment_1_time_wrapped.png,Artifact
1212,201106161016_segment_2_freq_masked_1.png,Artifact
1213,201106161016_segment_2_freq_masked_2.png,Artifact
1214,201106161016_segment_2_original.png,Artifact
1215,201106161016_segment_2_pitch_spect.png,Artifact
1216,201106161016_segment_2_time_spect.png,Artifact
1217,201106161016_segment_2_time_wrapped.png,Artifact
1218,201106161019_segment_0_freq_masked_1.png,Artifact
1219,201106161019_segment_0_freq_masked_2.png,Artifact
1220,201106161019_segment_0_original.png,Artifact
1221,201106161019_segment_0_pitch_spect.png,Artifact
1222,201106161019_segment_0_time_spect.png,Artifact
1223,201106161019_segment_0_time_wrapped.png,Artifact
1224,201106161019_segment_1_freq_masked_1.png,Artifact
1225,201106161019_segment_1_freq_masked_2.png,Artifact
1226,201106161019_segment_1_original.png,Artifact
1227,201106161019_segment_1_pitch_spect.png,Artifact
1228,201106161019_segment_1_time_spect.png,Artifact
1229,201106161019_segment_1_time_wrapped.png,Artifact
1230,201106161019_segment_2_freq_masked_1.png,Artifact
1231,201106161019_segment_2_freq_masked_2.png,Artifact
1232,201106161019_segment_2_original.png,Artifact
1233,201106161019_segment_2_pitch_spect.png,Artifact
1234,201106161019_segment_2_time_spect.png,Artifact
1235,201106161019_segment_2_time_wrapped.png,Artifact
1236,201106161219_segment_0_freq_masked_1.png,Artifact
1237,201106161219_segment_0_freq_masked_2.png,Artifact
1238,201106161219_segment_0_original.png,Artifact
1239,201106161219_segment_0_pitch_spect.png,Artifact
1240,201106161219_segment_0_time_spect.png,Artifact
1241,201106161219_segment_0_time_wrapped.png,Artifact
1242,201106161219_segment_1_freq_masked_1.png,Artifact
1243,201106161219_segment_1_freq_masked_2.png,Artifact
1244,201106161219_segment_1_original.png,Artifact
1245,201106161219_segment_1_pitch_spect.png,Artifact
1246,201106161219_segment_1_time_spect.png,Artifact
1247,201106161219_segment_1_time_wrapped.png,Artifact
1248,201106161219_segment_2_freq_masked_1.png,Artifact
1249,201106161219_segment_2_freq_masked_2.png,Artifact
1250,201106161219_segment_2_original.png,Artifact
1251,201106161219_segment_2_pitch_spect.png,Artifact
1252,201106161219_segment_2_time_spect.png,Artifact
1253,201106161219_segment_2_time_wrapped.png,Artifact
1254,201106171003_segment_0_freq_masked_1.png,Artifact
1255,201106171003_segment_0_freq_masked_2.png,Artifact
1256,201106171003_segment_0_original.png,Artifact
1257,201106171003_segment_0_pitch_spect.png,Artifact
1258,201106171003_segment_0_time_spect.png,Artifact
1259,201106171003_segment_0_time_wrapped.png,Artifact
1260,201106171003_segment_1_freq_masked_1.png,Artifact
1261,201106171003_segment_1_freq_masked_2.png,Artifact
1262,201106171003_segment_1_original.png,Artifact
1263,201106171003_segment_1_pitch_spect.png,Artifact
1264,201106171003_segment_1_time_spect.png,Artifact
1265,201106171003_segment_1_time_wrapped.png,Artifact
1266,201106171003_segment_2_freq_masked_1.png,Artifact
1267,201106171003_segment_2_freq_masked_2.png,Artifact
1268,201106171003_segment_2_original.png,Artifact
1269,201106171003_segment_2_pitch_spect.png,Artifact
1270,201106171003_segment_2_time_spect.png,Artifact
1271,201106171003_segment_2_time_wrapped.png,Artifact
1272,201106190520_segment_0_freq_masked_1.png,Artifact
1273,201106190520_segment_0_freq_masked_2.png,Artifact
1274,201106190520_segment_0_original.png,Artifact
1275,201106190520_segment_0_pitch_spect.png,Artifact
1276,201106190520_segment_0_time_spect.png,Artifact
1277,201106190520_segment_0_time_wrapped.png,Artifact
1278,201106190520_segment_1_freq_masked_1.png,Artifact
1279,201106190520_segment_1_freq_masked_2.png,Artifact
1280,201106190520_segment_1_original.png,Artifact
1281,201106190520_segment_1_pitch_spect.png,Artifact
1282,201106190520_segment_1_time_spect.png,Artifact
1283,201106190520_segment_1_time_wrapped.png,Artifact
1284,201106190520_segment_2_freq_masked_1.png,Artifact
1285,201106190520_segment_2_freq_masked_2.png,Artifact
1286,201106190520_segment_2_original.png,Artifact
1287,201106190520_segment_2_pitch_spect.png,Artifact
1288,201106190520_segment_2_time_spect.png,Artifact
1289,201106190520_segment_2_time_wrapped.png,Artifact
1290,201106210943_segment_0_freq_masked_1.png,Normal
1291,201106210943_segment_0_freq_masked_2.png,Normal
1292,201106210943_segment_0_original.png,Normal
1293,201106210943_segment_0_pitch_spect.png,Normal
1294,201106210943_segment_0_time_spect.png,Normal
1295,201106210943_segment_0_time_wrapped.png,Normal
1296,201106211041_segment_0_freq_masked_1.png,Artifact
1297,201106211041_segment_0_freq_masked_2.png,Artifact
1298,201106211041_segment_0_original.png,Artifact
1299,201106211041_segment_0_pitch_spect.png,Artifact
1300,201106211041_segment_0_time_spect.png,Artifact
1301,201106211041_segment_0_time_wrapped.png,Artifact
1302,201106211041_segment_1_freq_masked_1.png,Artifact
1303,201106211041_segment_1_freq_masked_2.png,Artifact
1304,201106211041_segment_1_original.png,Artifact
1305,201106211041_segment_1_pitch_spect.png,Artifact
1306,201106211041_segment_1_time_spect.png,Artifact
1307,201106211041_segment_1_time_wrapped.png,Artifact
1308,201106211041_segment_2_freq_masked_1.png,Artifact
1309,201106211041_segment_2_freq_masked_2.png,Artifact
1310,201106211041_segment_2_original.png,Artifact
1311,201106211041_segment_2_pitch_spect.png,Artifact
1312,201106211041_segment_2_time_spect.png,Artifact
1313,201106211041_segment_2_time_wrapped.png,Artifact
1314,201106211430_segment_0_freq_masked_1.png,Artifact
1315,201106211430_segment_0_freq_masked_2.png,Artifact
1316,201106211430_segment_0_original.png,Artifact
1317,201106211430_segment_0_pitch_spect.png,Artifact
1318,201106211430_segment_0_time_spect.png,Artifact
1319,201106211430_segment_0_time_wrapped.png,Artifact
1320,201106211430_segment_1_freq_masked_1.png,Artifact
1321,201106211430_segment_1_freq_masked_2.png,Artifact
1322,201106211430_segment_1_original.png,Artifact
1323,201106211430_segment_1_pitch_spect.png,Artifact
1324,201106211430_segment_1_time_spect.png,Artifact
1325,201106211430_segment_1_time_wrapped.png,Artifact
1326,201106211430_segment_2_freq_masked_1.png,Artifact
1327,201106211430_segment_2_freq_masked_2.png,Artifact
1328,201106211430_segment_2_original.png,Artifact
1329,201106211430_segment_2_pitch_spect.png,Artifact
1330,201106211430_segment_2_time_spect.png,Artifact
1331,201106211430_segment_2_time_wrapped.png,Artifact
1332,201106212112_segment_0_freq_masked_1.png,Artifact
1333,201106212112_segment_0_freq_masked_2.png,Artifact
1334,201106212112_segment_0_original.png,Artifact
1335,201106212112_segment_0_pitch_spect.png,Artifact
1336,201106212112_segment_0_time_spect.png,Artifact
1337,201106212112_segment_0_time_wrapped.png,Artifact
1338,201106212112_segment_1_freq_masked_1.png,Artifact
1339,201106212112_segment_1_freq_masked_2.png,Artifact
1340,201106212112_segment_1_original.png,Artifact
1341,201106212112_segment_1_pitch_spect.png,Artifact
1342,201106212112_segment_1_time_spect.png,Artifact
1343,201106212112_segment_1_time_wrapped.png,Artifact
1344,201106212112_segment_2_freq_masked_1.png,Artifact
1345,201106212112_segment_2_freq_masked_2.png,Artifact
1346,201106212112_segment_2_original.png,Artifact
1347,201106212112_segment_2_pitch_spect.png,Artifact
1348,201106212112_segment_2_time_spect.png,Artifact
1349,201106212112_segment_2_time_wrapped.png,Artifact
1350,201106220340_segment_0_freq_masked_1.png,Artifact
1351,201106220340_segment_0_freq_masked_2.png,Artifact
1352,201106220340_segment_0_original.png,Artifact
1353,201106220340_segment_0_pitch_spect.png,Artifact
1354,201106220340_segment_0_time_spect.png,Artifact
1355,201106220340_segment_0_time_wrapped.png,Artifact
1356,201106220340_segment_1_freq_masked_1.png,Artifact
1357,201106220340_segment_1_freq_masked_2.png,Artifact
1358,201106220340_segment_1_original.png,Artifact
1359,201106220340_segment_1_pitch_spect.png,Artifact
1360,201106220340_segment_1_time_spect.png,Artifact
1361,201106220340_segment_1_time_wrapped.png,Artifact
1362,201106220340_segment_2_freq_masked_1.png,Artifact
1363,201106220340_segment_2_freq_masked_2.png,Artifact
1364,201106220340_segment_2_original.png,Artifact
1365,201106220340_segment_2_pitch_spect.png,Artifact
1366,201106220340_segment_2_time_spect.png,Artifact
1367,201106220340_segment_2_time_wrapped.png,Artifact
1368,201106221254_segment_0_freq_masked_1.png,Artifact
1369,201106221254_segment_0_freq_masked_2.png,Artifact
1370,201106221254_segment_0_original.png,Artifact
1371,201106221254_segment_0_pitch_spect.png,Artifact
1372,201106221254_segment_0_time_spect.png,Artifact
1373,201106221254_segment_0_time_wrapped.png,Artifact
1374,201106221254_segment_1_freq_masked_1.png,Artifact
1375,201106221254_segment_1_freq_masked_2.png,Artifact
1376,201106221254_segment_1_original.png,Artifact
1377,201106221254_segment_1_pitch_spect.png,Artifact
1378,201106221254_segment_1_time_spect.png,Artifact
1379,201106221254_segment_1_time_wrapped.png,Artifact
1380,201106221254_segment_2_freq_masked_1.png,Artifact
1381,201106221254_segment_2_freq_masked_2.png,Artifact
1382,201106221254_segment_2_original.png,Artifact
1383,201106221254_segment_2_pitch_spect.png,Artifact
1384,201106221254_segment_2_time_spect.png,Artifact
1385,201106221254_segment_2_time_wrapped.png,Artifact
1386,201106221418_segment_0_freq_masked_1.png,Normal
1387,201106221418_segment_0_freq_masked_2.png,Normal
1388,201106221418_segment_0_original.png,Normal
1389,201106221418_segment_0_pitch_spect.png,Normal
1390,201106221418_segment_0_time_spect.png,Normal
1391,201106221418_segment_0_time_wrapped.png,Normal
1392,201106221418_segment_1_freq_masked_1.png,Normal
1393,201106221418_segment_1_freq_masked_2.png,Normal
1394,201106221418_segment_1_original.png,Normal
1395,201106221418_segment_1_pitch_spect.png,Normal
1396,201106221418_segment_1_time_spect.png,Normal
1397,201106221418_segment_1_time_wrapped.png,Normal
1398,201106221450_segment_0_freq_masked_1.png,Normal
1399,201106221450_segment_0_freq_masked_2.png,Normal
1400,201106221450_segment_0_original.png,Normal
1401,201106221450_segment_0_pitch_spect.png,Normal
1402,201106221450_segment_0_time_spect.png,Normal
1403,201106221450_segment_0_time_wrapped.png,Normal
1404,201106221450_segment_1_freq_masked_1.png,Normal
1405,201106221450_segment_1_freq_masked_2.png,Normal
1406,201106221450_segment_1_original.png,Normal
1407,201106221450_segment_1_pitch_spect.png,Normal
1408,201106221450_segment_1_time_spect.png,Normal
1409,201106221450_segment_1_time_wrapped.png,Normal
1410,201106221450_segment_2_freq_masked_1.png,Normal
1411,201106221450_segment_2_freq_masked_2.png,Normal
1412,201106221450_segment_2_original.png,Normal
1413,201106221450_segment_2_pitch_spect.png,Normal
1414,201106221450_segment_2_time_spect.png,Normal
1415,201106221450_segment_2_time_wrapped.png,Normal
1416,201108011112_segment_0_freq_masked_1.png,Normal
1417,201108011112_segment_0_freq_masked_2.png,Normal
1418,201108011112_segment_0_original.png,Normal
1419,201108011112_segment_0_pitch_spect.png,Normal
1420,201108011112_segment_0_time_spect.png,Normal
1421,201108011112_segment_0_time_wrapped.png,Normal
1422,201108011112_segment_1_freq_masked_1.png,Normal
1423,201108011112_segment_1_freq_masked_2.png,Normal
1424,201108011112_segment_1_original.png,Normal
1425,201108011112_segment_1_pitch_spect.png,Normal
1426,201108011112_segment_1_time_spect.png,Normal
1427,201108011112_segment_1_time_wrapped.png,Normal
1428,201108011114_segment_0_freq_masked_1.png,Normal
1429,201108011114_segment_0_freq_masked_2.png,Normal
1430,201108011114_segment_0_original.png,Normal
1431,201108011114_segment_0_pitch_spect.png,Normal
1432,201108011114_segment_0_time_spect.png,Normal
1433,201108011114_segment_0_time_wrapped.png,Normal
1434,201108011114_segment_1_freq_masked_1.png,Normal
1435,201108011114_segment_1_freq_masked_2.png,Normal
1436,201108011114_segment_1_original.png,Normal
1437,201108011114_segment_1_pitch_spect.png,Normal
1438,201108011114_segment_1_time_spect.png,Normal
1439,201108011114_segment_1_time_wrapped.png,Normal
1440,201108011115_segment_0_freq_masked_1.png,Normal
1441,201108011115_segment_0_freq_masked_2.png,Normal
1442,201108011115_segment_0_original.png,Normal
1443,201108011115_segment_0_pitch_spect.png,Normal
1444,201108011115_segment_0_time_spect.png,Normal
1445,201108011115_segment_0_time_wrapped.png,Normal
1446,201108011115_segment_1_freq_masked_1.png,Normal
1447,201108011115_segment_1_freq_masked_2.png,Normal
1448,201108011115_segment_1_original.png,Normal
1449,201108011115_segment_1_pitch_spect.png,Normal
1450,201108011115_segment_1_time_spect.png,Normal
1451,201108011115_segment_1_time_wrapped.png,Normal
1452,201108011118_segment_0_freq_masked_1.png,Normal
1453,201108011118_segment_0_freq_masked_2.png,Normal
1454,201108011118_segment_0_original.png,Normal
1455,201108011118_segment_0_pitch_spect.png,Normal
1456,201108011118_segment_0_time_spect.png,Normal
1457,201108011118_segment_0_time_wrapped.png,Normal
1458,201108011118_segment_1_freq_masked_1.png,Normal
1459,201108011118_segment_1_freq_masked_2.png,Normal
1460,201108011118_segment_1_original.png,Normal
1461,201108011118_segment_1_pitch_spect.png,Normal
1462,201108011118_segment_1_time_spect.png,Normal
1463,201108011118_segment_1_time_wrapped.png,Normal
1464,201108222221_segment_0_freq_masked_1.png,Murmur
1465,201108222221_segment_0_freq_masked_2.png,Murmur
1466,201108222221_segment_0_original.png,Murmur
1467,201108222221_segment_0_pitch_spect.png,Murmur
1468,201108222221_segment_0_time_spect.png,Murmur
1469,201108222221_segment_0_time_wrapped.png,Murmur
1470,201108222221_segment_1_freq_masked_1.png,Murmur
1471,201108222221_segment_1_freq_masked_2.png,Murmur
1472,201108222221_segment_1_original.png,Murmur
1473,201108222221_segment_1_pitch_spect.png,Murmur
1474,201108222221_segment_1_time_spect.png,Murmur
1475,201108222221_segment_1_time_wrapped.png,Murmur
1476,201108222223_segment_0_freq_masked_1.png,Murmur
1477,201108222223_segment_0_freq_masked_2.png,Murmur
1478,201108222223_segment_0_original.png,Murmur
1479,201108222223_segment_0_pitch_spect.png,Murmur
1480,201108222223_segment_0_time_spect.png,Murmur
1481,201108222223_segment_0_time_wrapped.png,Murmur
1482,201108222223_segment_1_freq_masked_1.png,Murmur
1483,201108222223_segment_1_freq_masked_2.png,Murmur
1484,201108222223_segment_1_original.png,Murmur
1485,201108222223_segment_1_pitch_spect.png,Murmur
1486,201108222223_segment_1_time_spect.png,Murmur
1487,201108222223_segment_1_time_wrapped.png,Murmur
1488,201108222224_segment_0_freq_masked_1.png,Murmur
1489,201108222224_segment_0_freq_masked_2.png,Murmur
1490,201108222224_segment_0_original.png,Murmur
1491,201108222224_segment_0_pitch_spect.png,Murmur
1492,201108222224_segment_0_time_spect.png,Murmur
1493,201108222224_segment_0_time_wrapped.png,Murmur
1494,201108222224_segment_1_freq_masked_1.png,Murmur
1495,201108222224_segment_1_freq_masked_2.png,Murmur
1496,201108222224_segment_1_original.png,Murmur
1497,201108222224_segment_1_pitch_spect.png,Murmur
1498,201108222224_segment_1_time_spect.png,Murmur
1499,201108222224_segment_1_time_wrapped.png,Murmur
1500,201108222226_segment_0_freq_masked_1.png,Murmur
1501,201108222226_segment_0_freq_masked_2.png,Murmur
1502,201108222226_segment_0_original.png,Murmur
1503,201108222226_segment_0_pitch_spect.png,Murmur
1504,201108222226_segment_0_time_spect.png,Murmur
1505,201108222226_segment_0_time_wrapped.png,Murmur
1506,201108222226_segment_1_freq_masked_1.png,Murmur
1507,201108222226_segment_1_freq_masked_2.png,Murmur
1508,201108222226_segment_1_original.png,Murmur
1509,201108222226_segment_1_pitch_spect.png,Murmur
1510,201108222226_segment_1_time_spect.png,Murmur
1511,201108222226_segment_1_time_wrapped.png,Murmur
1512,201108222227_segment_0_freq_masked_1.png,Murmur
1513,201108222227_segment_0_freq_masked_2.png,Murmur
1514,201108222227_segment_0_original.png,Murmur
1515,201108222227_segment_0_pitch_spect.png,Murmur
1516,201108222227_segment_0_time_spect.png,Murmur
1517,201108222227_segment_0_time_wrapped.png,Murmur
1518,201108222227_segment_1_freq_masked_1.png,Murmur
1519,201108222227_segment_1_freq_masked_2.png,Murmur
1520,201108222227_segment_1_original.png,Murmur
1521,201108222227_segment_1_pitch_spect.png,Murmur
1522,201108222227_segment_1_time_spect.png,Murmur
1523,201108222227_segment_1_time_wrapped.png,Murmur
1524,201108222231_segment_0_freq_masked_1.png,Murmur
1525,201108222231_segment_0_freq_masked_2.png,Murmur
1526,201108222231_segment_0_original.png,Murmur
1527,201108222231_segment_0_pitch_spect.png,Murmur
1528,201108222231_segment_0_time_spect.png,Murmur
1529,201108222231_segment_0_time_wrapped.png,Murmur
1530,201108222231_segment_1_freq_masked_1.png,Murmur
1531,201108222231_segment_1_freq_masked_2.png,Murmur
1532,201108222231_segment_1_original.png,Murmur
1533,201108222231_segment_1_pitch_spect.png,Murmur
1534,201108222231_segment_1_time_spect.png,Murmur
1535,201108222231_segment_1_time_wrapped.png,Murmur
1536,201108222232_segment_0_freq_masked_1.png,Murmur
1537,201108222232_segment_0_freq_masked_2.png,Murmur
1538,201108222232_segment_0_original.png,Murmur
1539,201108222232_segment_0_pitch_spect.png,Murmur
1540,201108222232_segment_0_time_spect.png,Murmur
1541,201108222232_segment_0_time_wrapped.png,Murmur
1542,201108222232_segment_1_freq_masked_1.png,Murmur
1543,201108222232_segment_1_freq_masked_2.png,Murmur
1544,201108222232_segment_1_original.png,Murmur
1545,201108222232_segment_1_pitch_spect.png,Murmur
1546,201108222232_segment_1_time_spect.png,Murmur
1547,201108222232_segment_1_time_wrapped.png,Murmur
1548,201108222233_segment_0_freq_masked_1.png,Murmur
1549,201108222233_segment_0_freq_masked_2.png,Murmur
1550,201108222233_segment_0_original.png,Murmur
1551,201108222233_segment_0_pitch_spect.png,Murmur
1552,201108222233_segment_0_time_spect.png,Murmur
1553,201108222233_segment_0_time_wrapped.png,Murmur
1554,201108222233_segment_1_freq_masked_1.png,Murmur
1555,201108222233_segment_1_freq_masked_2.png,Murmur
1556,201108222233_segment_1_original.png,Murmur
1557,201108222233_segment_1_pitch_spect.png,Murmur
1558,201108222233_segment_1_time_spect.png,Murmur
1559,201108222233_segment_1_time_wrapped.png,Murmur
1560,201108222235_segment_0_freq_masked_1.png,Murmur
1561,201108222235_segment_0_freq_masked_2.png,Murmur
1562,201108222235_segment_0_original.png,Murmur
1563,201108222235_segment_0_pitch_spect.png,Murmur
1564,201108222235_segment_0_time_spect.png,Murmur
1565,201108222235_segment_0_time_wrapped.png,Murmur
1566,201108222235_segment_1_freq_masked_1.png,Murmur
1567,201108222235_segment_1_freq_masked_2.png,Murmur
1568,201108222235_segment_1_original.png,Murmur
1569,201108222235_segment_1_pitch_spect.png,Murmur
1570,201108222235_segment_1_time_spect.png,Murmur
1571,201108222235_segment_1_time_wrapped.png,Murmur
1572,201108222236_segment_0_freq_masked_1.png,Murmur
1573,201108222236_segment_0_freq_masked_2.png,Murmur
1574,201108222236_segment_0_original.png,Murmur
1575,201108222236_segment_0_pitch_spect.png,Murmur
1576,201108222236_segment_0_time_spect.png,Murmur
1577,201108222236_segment_0_time_wrapped.png,Murmur
1578,201108222236_segment_1_freq_masked_1.png,Murmur
1579,201108222236_segment_1_freq_masked_2.png,Murmur
1580,201108222236_segment_1_original.png,Murmur
1581,201108222236_segment_1_pitch_spect.png,Murmur
1582,201108222236_segment_1_time_spect.png,Murmur
1583,201108222236_segment_1_time_wrapped.png,Murmur
1584,201108222237_segment_0_freq_masked_1.png,Murmur
1585,201108222237_segment_0_freq_masked_2.png,Murmur
1586,201108222237_segment_0_original.png,Murmur
1587,201108222237_segment_0_pitch_spect.png,Murmur
1588,201108222237_segment_0_time_spect.png,Murmur
1589,201108222237_segment_0_time_wrapped.png,Murmur
1590,201108222237_segment_1_freq_masked_1.png,Murmur
1591,201108222237_segment_1_freq_masked_2.png,Murmur
1592,201108222237_segment_1_original.png,Murmur
1593,201108222237_segment_1_pitch_spect.png,Murmur
1594,201108222237_segment_1_time_spect.png,Murmur
1595,201108222237_segment_1_time_wrapped.png,Murmur
1596,201108222238_segment_0_freq_masked_1.png,Murmur
1597,201108222238_segment_0_freq_masked_2.png,Murmur
1598,201108222238_segment_0_original.png,Murmur
1599,201108222238_segment_0_pitch_spect.png,Murmur
1600,201108222238_segment_0_time_spect.png,Murmur
1601,201108222238_segment_0_time_wrapped.png,Murmur
1602,201108222238_segment_1_freq_masked_1.png,Murmur
1603,201108222238_segment_1_freq_masked_2.png,Murmur
1604,201108222238_segment_1_original.png,Murmur
1605,201108222238_segment_1_pitch_spect.png,Murmur
1606,201108222238_segment_1_time_spect.png,Murmur
1607,201108222238_segment_1_time_wrapped.png,Murmur
1608,201108222242_segment_0_freq_masked_1.png,Murmur
1609,201108222242_segment_0_freq_masked_2.png,Murmur
1610,201108222242_segment_0_original.png,Murmur
1611,201108222242_segment_0_pitch_spect.png,Murmur
1612,201108222242_segment_0_time_spect.png,Murmur
1613,201108222242_segment_0_time_wrapped.png,Murmur
1614,201108222242_segment_1_freq_masked_1.png,Murmur
1615,201108222242_segment_1_freq_masked_2.png,Murmur
1616,201108222242_segment_1_original.png,Murmur
1617,201108222242_segment_1_pitch_spect.png,Murmur
1618,201108222242_segment_1_time_spect.png,Murmur
1619,201108222242_segment_1_time_wrapped.png,Murmur
1620,201108222243_segment_0_freq_masked_1.png,Murmur
1621,201108222243_segment_0_freq_masked_2.png,Murmur
1622,201108222243_segment_0_original.png,Murmur
1623,201108222243_segment_0_pitch_spect.png,Murmur
1624,201108222243_segment_0_time_spect.png,Murmur
1625,201108222243_segment_0_time_wrapped.png,Murmur
1626,201108222243_segment_1_freq_masked_1.png,Murmur
1627,201108222243_segment_1_freq_masked_2.png,Murmur
1628,201108222243_segment_1_original.png,Murmur
1629,201108222243_segment_1_pitch_spect.png,Murmur
1630,201108222243_segment_1_time_spect.png,Murmur
1631,201108222243_segment_1_time_wrapped.png,Murmur
1632,201108222245_segment_0_freq_masked_1.png,Murmur
1633,201108222245_segment_0_freq_masked_2.png,Murmur
1634,201108222245_segment_0_original.png,Murmur
1635,201108222245_segment_0_pitch_spect.png,Murmur
1636,201108222245_segment_0_time_spect.png,Murmur
1637,201108222245_segment_0_time_wrapped.png,Murmur
1638,201108222245_segment_1_freq_masked_1.png,Murmur
1639,201108222245_segment_1_freq_masked_2.png,Murmur
1640,201108222245_segment_1_original.png,Murmur
1641,201108222245_segment_1_pitch_spect.png,Murmur
1642,201108222245_segment_1_time_spect.png,Murmur
1643,201108222245_segment_1_time_wrapped.png,Murmur
1644,201108222246_segment_0_freq_masked_1.png,Murmur
1645,201108222246_segment_0_freq_masked_2.png,Murmur
1646,201108222246_segment_0_original.png,Murmur
1647,201108222246_segment_0_pitch_spect.png,Murmur
1648,201108222246_segment_0_time_spect.png,Murmur
1649,201108222246_segment_0_time_wrapped.png,Murmur
1650,201108222246_segment_1_freq_masked_1.png,Murmur
1651,201108222246_segment_1_freq_masked_2.png,Murmur
1652,201108222246_segment_1_original.png,Murmur
1653,201108222246_segment_1_pitch_spect.png,Murmur
1654,201108222246_segment_1_time_spect.png,Murmur
1655,201108222246_segment_1_time_wrapped.png,Murmur
1656,201108222248_segment_0_freq_masked_1.png,Murmur
1657,201108222248_segment_0_freq_masked_2.png,Murmur
1658,201108222248_segment_0_original.png,Murmur
1659,201108222248_segment_0_pitch_spect.png,Murmur
1660,201108222248_segment_0_time_spect.png,Murmur
1661,201108222248_segment_0_time_wrapped.png,Murmur
1662,201108222248_segment_1_freq_masked_1.png,Murmur
1663,201108222248_segment_1_freq_masked_2.png,Murmur
1664,201108222248_segment_1_original.png,Murmur
1665,201108222248_segment_1_pitch_spect.png,Murmur
1666,201108222248_segment_1_time_spect.png,Murmur
1667,201108222248_segment_1_time_wrapped.png,Murmur
1668,201108222251_segment_0_freq_masked_1.png,Murmur
1669,201108222251_segment_0_freq_masked_2.png,Murmur
1670,201108222251_segment_0_original.png,Murmur
1671,201108222251_segment_0_pitch_spect.png,Murmur
1672,201108222251_segment_0_time_spect.png,Murmur
1673,201108222251_segment_0_time_wrapped.png,Murmur
1674,201108222251_segment_1_freq_masked_1.png,Murmur
1675,201108222251_segment_1_freq_masked_2.png,Murmur
1676,201108222251_segment_1_original.png,Murmur
1677,201108222251_segment_1_pitch_spect.png,Murmur
1678,201108222251_segment_1_time_spect.png,Murmur
1679,201108222251_segment_1_time_wrapped.png,Murmur
1680,201108222252_segment_0_freq_masked_1.png,Murmur
1681,201108222252_segment_0_freq_masked_2.png,Murmur
1682,201108222252_segment_0_original.png,Murmur
1683,201108222252_segment_0_pitch_spect.png,Murmur
1684,201108222252_segment_0_time_spect.png,Murmur
1685,201108222252_segment_0_time_wrapped.png,Murmur
1686,201108222252_segment_1_freq_masked_1.png,Murmur
1687,201108222252_segment_1_freq_masked_2.png,Murmur
1688,201108222252_segment_1_original.png,Murmur
1689,201108222252_segment_1_pitch_spect.png,Murmur
1690,201108222252_segment_1_time_spect.png,Murmur
1691,201108222252_segment_1_time_wrapped.png,Murmur
1692,201108222253_segment_0_freq_masked_1.png,Murmur
1693,201108222253_segment_0_freq_masked_2.png,Murmur
1694,201108222253_segment_0_original.png,Murmur
1695,201108222253_segment_0_pitch_spect.png,Murmur
1696,201108222253_segment_0_time_spect.png,Murmur
1697,201108222253_segment_0_time_wrapped.png,Murmur
1698,201108222253_segment_1_freq_masked_1.png,Murmur
1699,201108222253_segment_1_freq_masked_2.png,Murmur
1700,201108222253_segment_1_original.png,Murmur
1701,201108222253_segment_1_pitch_spect.png,Murmur
1702,201108222253_segment_1_time_spect.png,Murmur
1703,201108222253_segment_1_time_wrapped.png,Murmur
1704,201108222255_segment_0_freq_masked_1.png,Murmur
1705,201108222255_segment_0_freq_masked_2.png,Murmur
1706,201108222255_segment_0_original.png,Murmur
1707,201108222255_segment_0_pitch_spect.png,Murmur
1708,201108222255_segment_0_time_spect.png,Murmur
1709,201108222255_segment_0_time_wrapped.png,Murmur
1710,201108222255_segment_1_freq_masked_1.png,Murmur
1711,201108222255_segment_1_freq_masked_2.png,Murmur
1712,201108222255_segment_1_original.png,Murmur
1713,201108222255_segment_1_pitch_spect.png,Murmur
1714,201108222255_segment_1_time_spect.png,Murmur
1715,201108222255_segment_1_time_wrapped.png,Murmur
1716,201108222256_segment_0_freq_masked_1.png,Murmur
1717,201108222256_segment_0_freq_masked_2.png,Murmur
1718,201108222256_segment_0_original.png,Murmur
1719,201108222256_segment_0_pitch_spect.png,Murmur
1720,201108222256_segment_0_time_spect.png,Murmur
1721,201108222256_segment_0_time_wrapped.png,Murmur
1722,201108222256_segment_1_freq_masked_1.png,Murmur
1723,201108222256_segment_1_freq_masked_2.png,Murmur
1724,201108222256_segment_1_original.png,Murmur
1725,201108222256_segment_1_pitch_spect.png,Murmur
1726,201108222256_segment_1_time_spect.png,Murmur
1727,201108222256_segment_1_time_wrapped.png,Murmur
1728,201108222258_segment_0_freq_masked_1.png,Murmur
1729,201108222258_segment_0_freq_masked_2.png,Murmur
1730,201108222258_segment_0_original.png,Murmur
1731,201108222258_segment_0_pitch_spect.png,Murmur
1732,201108222258_segment_0_time_spect.png,Murmur
1733,201108222258_segment_0_time_wrapped.png,Murmur
1734,201108222258_segment_1_freq_masked_1.png,Murmur
1735,201108222258_segment_1_freq_masked_2.png,Murmur
1736,201108222258_segment_1_original.png,Murmur
1737,201108222258_segment_1_pitch_spect.png,Murmur
1738,201108222258_segment_1_time_spect.png,Murmur
1739,201108222258_segment_1_time_wrapped.png,Murmur
